"global_instance_id","run_id","run_instance_id","parent_instance_id","leader_radar","leader_veh_type","follower_radar","follower_veh_type","start_time","end_time","road_type","congestion","speed_limit"
"3001","3","1","1","0","pc","10","pc","00:04:23.100","00:04:47.300","hw","u","50"
"3002","3","2","2","10","pc","1","pc","00:05:48.100","00:06:11.300","hw","u","50"
"3003","3","3","3","10","pc","1","pc","00:06:11.400","00:06:21.200","hw","u","50"
"3004","3","4","4","0","pc","10","pc","00:06:23.000","00:06:34.100","hw","u","50"
"3005","3","5","5","0","pc","10","pc","00:06:38.600","00:07:24.400","hw","u","50"
"3006","3","6","6","0","pc","0","m","00:07:13.700","00:07:24.400","hw","u","50"
"3007","3","7","7","0","pc","10","pc","00:08:00.900","00:08:29.300","hw","u","50"
"3008","3","8","8","10","pc","1","pc","00:08:51.200","00:09:07.100","hw","u","50"
"3009","3","9","9","0","pc","10","pc","00:09:44.600","00:10:38.600","hw","u","40"
"3010","3","10","10","10","pc","1","pc","00:10:52.700","00:12:04.200","hw","u","40"
"3011","3","11","11","0","pc","10","pc","00:10:57.400","00:11:10.200","hw","u","40"
"3012","3","12","12","0","pc","1","pc","00:11:14.100","00:11:28.300","hw","u","40"
"3013","3","13","13","0","pc","10","pc","00:12:44.500","00:12:57.500","hw","u","45"
"3014","3","14","14","0","pc","10","pc","00:12:57.600","00:13:25.500","hw","u","45"
"3015","3","15","15","0","pc","10","pc","00:15:59.700","00:16:34.100","hw","u","45"
"3016","3","16","16","0","pc","10","pc","00:16:43.200","00:17:01.300","hw","u","45"
"3017","3","17","17","0","pc","10","pc","00:17:01.400","00:18:00.100","hw","u","45"
"3018","3","18","18","0","pc","10","pc","00:18:41.700","00:19:01.400","is","u","55"
"3019","3","19","19","0","pc","10","pc","00:20:00.700","00:20:32.500","is","u","55"
"3020","3","20","20","0","pc","10","pc","00:20:32.600","00:21:09.100","is","u","55"
"3021","3","21","21","0","pc","10","pc","00:21:18.900","00:21:45.900","is","u","55"
"3022","3","22","22","10","pc","1","pc","00:22:45.900","00:23:06.900","aw","u","55"
"3023","3","23","23","10","pc","1","pc","00:23:09.700","00:23:17.600","aw","c","55"
"3024","3","24","24","0","pc","10","pc","00:23:21.100","00:23:37.300","aw","u","55"
"3025","3","25","25","0","pc","10","pc","00:23:58.200","00:24:13.100","aw","u","55"
"3026","3","26","26","10","pc","1","pc","00:24:01.100","00:24:24.900","aw","u","55"
"3027","3","27","27","0","pc","10","pc","00:24:13.200","00:24:38.700","wz2","u","55"
"3028","3","28","28","0","pc","10","pc","00:24:38.800","00:25:09.200","wz2","u","55"
"3029","3","29","29","0","pc","10","pc","00:25:11.800","00:25:29.700","wz2","u","55"
"3030","3","30","30","10","pc","1","pc","00:25:35.300","00:25:45.700","wz2","u","55"
"3031","3","31","31","0","pc","10","pc","00:25:35.800","00:25:58.100","wz2","u","55"
"3032","3","32","32","10","pc","1","pc","00:25:48.100","00:25:58.800","wz2","u","55"
"3033","3","33","33","0","pc","10","pc","00:25:58.200","00:26:16.200","wz2","u","55"
"3034","3","34","34","10","pc","1","pc","00:25:58.900","00:26:07.600","wz2","u","55"
"3035","3","35","35","0","pc","10","pc","00:26:16.300","00:26:46.600","wz2","c","55"
"3036","3","36","36","10","pc","1","hv","00:26:27.800","00:26:46.600","wz2","c","55"
"3037","3","37","37","0","pc","10","pc","00:26:46.700","00:26:53.100","is","u","55"
"3038","3","38","38","0","pc","10","pc","00:26:58.400","00:27:24.900","is","u","55"
"3039","3","39","39","10","pc","1","pc","00:27:28.300","00:27:57.700","wz2","u","55"
"3040","3","40","40","10","pc","1","pc","00:27:32.500","00:27:28.200","aw","u","55"
"3041","3","41","41","10","pc","1","pc","00:28:14.100","00:28:59.600","wz2","u","55"
"3042","3","42","42","0","hv","10","pc","00:28:38.100","00:29:09.700","wz2","u","55"
"3043","3","43","43","10","pc","1","pc","00:30:27.900","00:30:46.600","wz2","u","55"
"3044","3","44","44","0","pc","10","pc","00:30:46.100","00:31:07.700","wz2","u","55"
"3045","3","45","45","10","pc","1","pc","00:31:13.800","00:31:31.800","is","u","55"
"3046","3","46","46","0","pc","10","pc","00:31:14.700","00:31:46.100","is","u","55"
"3047","3","47","47","0","pc","10","pc","00:31:47.700","00:32:43.200","is","u","55"
"3048","3","48","48","10","pc","1","pc","00:31:50.900","00:32:43.200","is","u","55"
"3049","3","49","49","0","pc","10","pc","00:34:18.600","00:35:48.400","is","u","55"
"3050","3","50","50","0","pc","10","pc","00:35:52.100","00:36:15.000","is","u","55"
"3051","3","51","51","0","pc","10","pc","00:36:15.100","00:37:07.300","aw","u","55"
"3052","3","52","52","10","pc","1","pc","00:36:57.300","00:37:49.400","aw","u","55"
"3053","3","53","53","0","pc","10","pc","00:37:11.300","00:37:33.400","aw","c","55"
"3054","3","54","54","0","pc","10","pc","00:37:46.400","00:38:55.500","wz2","u","55"
"3055","3","55","55","10","pc","1","pc","00:37:49.500","00:38:55.600","wz2","u","55"
"3056","3","56","56","0","pc","10","pc","00:38:55.600","00:39:16.600","is","u","55"
"3057","3","57","57","10","pc","1","pc","00:38:55.700","00:39:16.600","is","u","55"
"3058","3","58","58","10","pc","1","pc","00:39:16.700","00:39:35.500","aw","u","55"
"3059","3","59","59","0","pc","10","pc","00:39:16.700","00:39:20.600","aw","u","55"
"3060","3","60","60","0","pc","10","pc","00:40:05.900","00:40:42.000","is","u","55"
"3061","3","61","61","0","pc","10","pc","00:40:42.100","00:40:50.500","aw","u","55"
"3062","3","62","62","0","pc","10","pc","00:40:50.600","00:41:05.900","wz2","u","55"
"3063","3","63","63","0","pc","10","pc","00:41:06.000","00:41:48.600","is","u","55"
"3064","3","64","64","10","pc","1","pc","00:41:39.400","00:42:34.500","aw","u","55"
"3065","3","65","65","0","pc","10","pc","00:41:48.700","00:42:18.300","aw","u","55"
"3066","3","66","66","0","pc","10","pc","00:42:23.800","00:42:43.500","aw","u","55"
"3067","3","67","67","0","pc","10","pc","00:42:37.600","00:42:53.000","aw","u","55"
"3068","3","68","68","0","pc","10","pc","00:42:53.100","00:42:58.800","wz2","u","55"
"3069","3","69","69","10","pc","1","pc","00:42:55.100","00:43:21.100","wz2","u","55"
"3070","3","70","70","0","pc","10","pc","00:43:00.900","00:43:21.100","wz2","u","55"
"3071","3","71","71","10","pc","1","pc","00:43:21.200","00:44:50.900","is","u","55"
"3072","3","72","72","0","pc","10","pc","00:43:21.200","00:44:32.600","is","u","55"
"3073","3","73","73","0","pc","10","pc","00:44:31.800","00:44:48.200","is","u","55"
"3074","3","74","74","0","pc","10","pc","00:44:48.800","00:45:36.800","is","u","55"
"3075","3","75","75","10","pc","1","pc","00:45:15.200","00:45:28.300","is","u","55"
"3076","3","76","76","0","pc","10","pc","00:45:50.400","00:46:58.500","is","u","55"
"3077","3","77","77","10","pc","1","pc","00:46:29.100","00:46:52.300","is","u","55"
"3078","3","78","78","10","pc","1","pc","00:46:58.500","00:47:56.200","is","u","55"
"3079","3","79","79","0","pc","10","pc","00:46:58.600","00:47:56.200","is","u","55"
"3080","3","80","80","10","pc","1","pc","00:48:00.100","00:48:37.100","is","u","55"
"3081","3","81","81","0","pc","10","pc","00:48:05.400","00:48:21.700","is","u","55"
"3082","3","82","82","0","pc","10","pc","00:48:37.900","00:49:31.500","is","u","55"
"3083","3","83","83","10","pc","1","pc","00:49:08.900","00:49:31.500","is","u","55"
"3084","3","84","84","0","pc","10","pc","00:50:04.100","00:50:44.700","hw","u","45"
"3085","3","85","85","10","pc","1","pc","00:50:14.200","00:50:44.700","hw","u","45"
"3086","3","86","86","10","pc","1","pc","00:50:44.800","00:51:13.900","hw","u","45"
"3087","3","87","87","0","pc","10","pc","00:50:44.800","00:51:13.900","hw","u","45"
"3088","3","88","88","0","pc","10","pc","00:51:18.700","00:51:46.900","hw","u","45"
"3089","3","89","89","0","pc","10","pc","00:51:47.000","00:52:11.100","hw","u","45"
"3090","3","90","90","0","pc","10","pc","00:52:11.200","00:52:26.600","hw","u","45"
"3091","3","91","91","0","pc","10","pc","00:52:26.700","00:52:36.700","hw","u","45"
"3092","3","92","92","0","pc","10","pc","00:52:36.800","00:53:44.900","hw","u","45"
"3093","3","93","93","10","pc","1","pc","00:52:45.700","00:53:35.600","hw","u","45"
"3094","3","94","94","10","pc","1","pc","00:53:48.600","00:55:08.600","hw","u","45"
"3095","3","95","95","0","pc","10","pc","00:53:53.100","00:54:11.300","hw","u","45"
"3096","3","96","96","0","pc","10","pc","00:55:05.400","00:55:19.800","hw","u","50"
"3097","3","97","97","0","pc","10","pc","00:56:48.500","00:57:13.600","hw","u","50"
"3098","3","98","98","0","pc","10","pc","00:57:26.700","00:58:31.100","hw","u","50"
"3099","3","99","99","10","pc","1","pc","00:58:41.400","00:59:04.500","hw","u","50"
"3100","3","100","100","0","pc","10","pc","00:59:11.800","01:00:10.000","hw","u","50"
"3101","3","101","101","10","pc","1","pc","00:59:16.800","01:00:10.000","hw","u","50"
"5001","5","1","1","1","pc","1","pc","00:03:11.500","00:04:24.440","hw","u","50"
"5002","5","2","2","0","pc","10","pc","00:04:46.790","00:05:11.890","hw","u","50"
"5003","5","3","3","0","pc","10","pc","00:05:13.990","00:05:31.510","hw","u","50"
"5004","5","4","4","10","pc","1","pc","00:06:50.700","00:07:25.450","hw","u","50"
"5005","5","5","5","0","pc","0","pc","00:07:38.420","00:07:48.200","hw","u","50"
"5006","5","6","6","0","pc","10","pc","00:07:38.420","00:09:15.130","hw","u","50"
"5007","5","7","7","10","pc","1","b","00:07:40.780","00:07:52.130","hw","u","50"
"5008","5","8","8","10","pc","1","pc","00:09:12.470","00:09:26.650","hw","u","50"
"5009","5","9","9","0","pc","10","pc","00:09:24.890","00:09:55.000","hw","u","50"
"5010","5","10","10","0","pc","10","pc","00:09:58.200","00:11:10.000","hw","u","50"
"5011","5","11","11","10","pc","1","pc","00:10:08.000","00:10:24.150","hw","u","50"
"5012","5","12","12","0","pc","10","pc","00:11:10.500","00:11:37.610","hw","u","50"
"5013","5","13","13","0","pc","0","pc","00:14:36.530","00:14:47.210","hw","u","55"
"5014","5","14","14","0","hv","10","pc","00:15:52.200","00:16:10.400","is","u","55"
"5015","5","15","15","10","pc","1","pc","00:16:16.400","00:17:28.600","is","u","55"
"5016","5","16","16","10","pc","1","pc","00:18:13.200","00:19:05.500","is","u","55"
"5017","5","17","17","0","pc","10","pc","00:19:04.100","00:20:04.500","is","u","55"
"5018","5","18","18","0","pc","10","pc","00:20:04.500","00:20:23.500","is","u","55"
"5019","5","19","19","0","pc","10","pc","00:21:12.600","00:21:34.200","tz","c","55"
"5020","5","20","20","10","pc","1","pc","00:22:03.300","00:22:16.200","wz1","c","55"
"5021","5","21","21","10","pc","1","pc","00:22:19.700","00:22:28.900","wz1","u","55"
"5022","5","22","22","0","pc","0","pc","00:22:38.700","00:23:01.800","wz1","u","55"
"5023","5","23","23","0","pc","1","pc","00:22:39.400","00:22:49.200","wz1","u","55"
"5024","5","24","24","0","pc","10","pc","00:22:53.700","00:23:09.500","wz1","u","55"
"5025","5","25","25","0","pc","10","pc","00:23:09.500","00:23:27.400","wz1","u","55"
"5026","5","26","26","0","pc","10","pc","00:23:27.400","00:23:41.600","is","u","55"
"5027","5","27","27","0","pc","10","pc","00:23:58.300","00:26:48.100","is","u","55"
"5028","5","28","28","10","pc","1","pc","00:24:39.500","00:25:09.100","is","u","55"
"5029","5","29","29","0","pc","10","pc","00:28:07.300","00:30:28.500","is","u","55"
"5030","5","30","30","10","pc","1","pc","00:29:08.600","00:30:28.500","is","u","55"
"5031","5","31","31","10","pc","1","pc","00:33:59.200","00:35:50.100","is","u","55"
"5032","5","32","32","0","pc","10","pc","00:34:16.100","00:35:47.400","is","u","55"
"5033","5","33","33","0","pc","10","pc","00:36:30.300","00:37:21.100","is","u","55"
"5034","5","34","34","10","pc","1","pc","00:37:15.100","00:37:30.200","is","u","55"
"5035","5","35","35","10","pc","1","pc","00:37:32.100","00:37:52.400","is","u","55"
"5036","5","36","36","10","pc","1","pc","00:39:40.100","00:40:19.100","is","u","55"
"5037","5","37","37","0","hv","10","pc","00:39:52.600","00:40:08.800","aw","u","55"
"5038","5","38","38","0","hv","10","pc","00:40:08.900","00:40:28.600","tz","u","55"
"5039","5","39","39","0","hv","10","pc","00:40:28.700","00:41:23.100","wz2","u","55"
"5040","5","40","40","10","pc","1","pc","00:40:51.200","00:41:23.100","wz2","u","55"
"5041","5","41","41","10","pc","1","pc","00:41:23.200","00:41:52.100","is","u","55"
"5042","5","42","42","0","hv","10","pc","00:41:23.200","00:44:08.100","is","u","55"
"5043","5","43","43","10","pc","1","pc","00:43:56.400","00:44:17.200","is","u","55"
"5044","5","44","44","10","pc","1","pc","00:44:17.300","00:45:04.100","is","u","55"
"5045","5","45","45","0","pc","10","pc","00:45:33.500","00:45:58.100","is","u","55"
"5046","5","46","46","0","pc","10","pc","00:48:46.700","00:48:58.300","hw","u","50"
"5047","5","47","47","10","pc","1","pc","00:50:25.500","00:50:38.200","hw","u","50"
"5048","5","48","48","10","pc","1","pc","00:50:38.300","00:50:42.800","hw","u","50"
"5049","5","49","49","10","pc","1","pc","00:50:52.400","00:52:53.700","hw","u","50"
"5050","5","50","50","0","pc","10","pc","00:51:11.500","00:51:27.900","hw","u","50"
"5051","5","51","51","0","pc","10","pc","00:51:28.000","00:51:47.100","hw","u","50"
"5052","5","52","52","0","pc","10","pc","00:51:47.200","00:52:15.100","hw","u","50"
"5053","5","53","53","0","pc","10","pc","00:52:24.300","00:52:42.100","hw","u","50"
"5054","5","54","54","0","pc","10","pc","00:52:50.200","00:53:03.600","hw","u","50"
"5055","5","55","55","10","pc","1","pc","00:53:09.100","00:53:29.200","hw","u","50"
"5056","5","56","56","0","pc","10","pc","00:53:19.900","00:53:29.200","hw","u","50"
"5057","5","57","57","0","pc","10","pc","00:53:36.900","00:56:42.700","hw","u","50"
"5058","5","58","58","10","pc","1","pc","00:53:40.100","00:54:02.100","hw","u","50"
"5059","5","59","59","10","pc","1","pc","00:56:09.700","00:57:02.100","hw","u","50"
"5060","5","60","60","10","pc","1","pc","00:57:21.400","00:57:37.200","hw","c","50"
"5061","5","61","61","0","pc","10","pc","00:57:29.800","00:57:37.200","hw","c","50"
"5062","5","62","62","10","pc","1","pc","00:57:37.300","00:58:42.900","hw","u","50"
"5063","5","63","63","0","pc","10","pc","00:57:37.300","00:58:01.500","hw","u","50"
"6001","6","1","1","10","pc","1","pc","00:03:08.900","00:03:31.500","hw","u","50"
"6002","6","2","2","0","pc","10","pc","00:03:52.400","00:04:18.500","hw","u","50"
"6003","6","3","3","0","pc","10","pc","00:04:37.900","00:05:01.200","hw","u","50"
"6004","6","4","4","10","pc","1","pc","00:04:41.500","00:05:07.200","hw","u","50"
"6005","6","5","5","0","pc","10","pc","00:05:37.200","00:06:02.100","hw","u","50"
"6006","6","6","6","10","pc","1","pc","00:05:47.800","00:06:17.800","hw","u","50"
"6007","6","7","7","10","pc","1","pc","00:06:17.900","00:17:44.100","hw","c","50"
"6008","6","8","8","0","pc","10","pc","00:06:17.900","00:15:31.800","hw","c","40"
"6009","6","9","9","0","pc","10","pc","00:15:44.000","00:17:44.100","hw","c","50"
"6010","6","10","10","10","pc","1","pc","00:17:44.200","00:26:00.900","hw","c","40"
"6011","6","11","11","0","pc","10","pc","00:17:44.200","00:21:55.100","hw","c","40"
"6012","6","12","12","0","pc","10","pc","00:22:05.500","00:25:24.100","hw","c","40"
"6013","6","13","13","0","pc","10","pc","00:25:29.100","00:26:00.900","hw","c","40"
"6014","6","14","14","10","pc","1","pc","00:26:01.000","00:26:30.700","hw","u","40"
"6015","6","15","15","0","pc","10","pc","00:26:01.000","00:26:14.100","hw","u","40"
"6016","6","16","16","0","pc","10","pc","00:26:36.600","00:27:04.100","hw","u","40"
"6017","6","17","17","10","pc","1","pc","00:26:39.900","00:26:55.700","hw","u","40"
"6018","6","18","18","0","pc","10","pc","00:30:34.700","00:30:54.900","is","u","55"
"6019","6","19","19","0","pc","10","pc","00:32:36.800","00:33:08.800","is","u","55"
"6020","6","20","20","0","pc","10","pc","00:33:27.600","00:35:37.500","is","u","55"
"6021","6","21","21","0","pc","10","pc","00:34:13.100","00:34:30.700","is","u","55"
"6022","6","22","22","10","pc","1","pc","00:34:44.900","00:35:18.000","aw","u","55"
"6023","6","23","23","10","pc","1","pc","00:35:38.600","00:36:42.600","wz2","u","55"
"6024","6","24","24","0","pc","10","pc","00:35:48.100","00:36:52.900","wz2","u","55"
"6025","6","25","25","0","pc","10","pc","00:37:11.300","00:37:31.400","wz2","u","30"
"6026","6","26","26","10","pc","1","pc","00:39:55.900","00:40:35.400","wz2","u","55"
"6027","6","27","27","10","pc","1","pc","00:40:35.500","00:41:02.500","is","u","55"
"6028","6","28","28","0","pc","10","pc","00:41:13.600","00:42:23.200","wz2","u","55"
"6029","6","29","29","0","pc","10","pc","00:42:23.300","00:43:01.900","is","u","55"
"6030","6","30","30","0","hv","10","pc","00:43:03.100","00:43:38.200","is","u","55"
"6031","6","31","31","10","pc","1","pc","00:46:06.300","00:46:20.400","is","u","55"
"6032","6","32","32","0","pc","10","pc","00:46:06.300","00:46:20.400","is","u","55"
"6033","6","33","33","10","pc","1","pc","00:46:20.500","00:47:05.500","is","c","55"
"6034","6","34","34","0","pc","10","pc","00:46:20.500","00:46:30.700","is","c","55"
"6035","6","35","35","0","pc","10","pc","00:47:04.100","00:47:28.500","is","u","55"
"6036","6","36","36","10","pc","1","pc","00:47:05.600","00:47:21.700","is","u","55"
"6037","6","37","37","10","pc","1","pc","00:47:40.700","00:48:14.100","is","c","55"
"6038","6","38","38","10","pc","1","pc","00:48:19.600","00:49:02.500","is","c","55"
"6039","6","39","39","0","pc","10","pc","00:48:19.600","00:49:13.200","is","c","55"
"6040","6","40","40","10","pc","1","pc","00:49:17.200","00:49:33.400","is","c","55"
"6041","6","41","41","0","pc","10","pc","00:49:27.400","00:49:39.100","is","u","55"
"6042","6","42","42","10","pc","1","pc","00:49:33.500","00:49:58.400","is","u","55"
"6043","6","43","43","0","pc","10","pc","00:50:02.100","00:50:30.400","aw","c","55"
"6044","6","44","44","10","pc","1","hv","00:50:06.200","00:50:30.400","aw","c","55"
"6045","6","45","45","10","pc","1","hv","00:50:30.500","00:50:55.600","wz2","c","55"
"6046","6","46","46","0","pc","10","pc","00:50:30.500","00:50:55.600","wz2","c","55"
"6047","6","47","47","10","pc","1","hv","00:50:55.700","00:51:21.900","is","c","55"
"6048","6","48","48","0","pc","10","pc","00:50:55.700","00:52:17.100","is","c","55"
"6049","6","49","49","10","pc","1","pc","00:51:41.100","00:55:05.100","is","c","55"
"6050","6","50","50","0","pc","10","pc","00:52:24.800","00:54:32.900","is","c","55"
"6051","6","51","51","10","pc","1","pc","00:54:40.400","00:55:05.100","is","u","55"
"6052","6","52","52","0","pc","10","pc","00:57:37.700","00:57:57.200","is","u","55"
"6053","6","53","53","10","pc","1","pc","00:58:14.300","00:58:39.600","aw","u","55"
"6054","6","54","54","10","pc","1","pc","00:58:56.300","00:59:29.000","aw","u","55"
"6055","6","55","55","10","pc","1","pc","00:59:29.100","00:59:44.700","wz2","u","55"
"6056","6","56","56","0","pc","10","pc","00:59:48.100","00:01:00.200","is","u","55"
"6057","6","57","57","10","pc","1","pc","01:05:10.700","01:05:37.600","is","u","55"
"6058","6","58","58","10","pc","1","pc","01:06:51.200","01:07:04.200","hw","c","35"
"6059","6","59","59","0","pc","10","pc","01:06:58.100","01:07:04.200","hw","c","35"
"6060","6","60","60","10","pc","1","pc","01:07:04.300","01:08:27.100","hw","c","45"
"6061","6","61","61","0","pc","10","pc","01:07:04.300","01:08:27.100","hw","c","45"
"6062","6","62","62","10","pc","1","pc","01:08:55.900","01:10:29.600","hw","c","45"
"6063","6","63","63","0","pc","10","pc","01:09:09.300","01:10:29.600","hw","c","45"
"6064","6","64","64","10","pc","1","pc","01:15:28.700","01:17:46.500","hw","u","50"
"6065","6","65","65","0","pc","10","pc","01:16:39.500","01:17:46.500","hw","u","50"
"6066","6","66","66","10","pc","1","pc","01:17:46.600","01:17:56.500","hw","c","50"
"6067","6","67","67","0","pc","10","pc","01:17:46.600","01:17:56.500","hw","c","50"
"6068","6","68","68","10","pc","1","pc","01:18:50.100","01:20:00.900","hw","u","50"
"6069","6","69","69","10","pc","1","pc","01:21:44.700","01:22:11.600","hw","u","50"
"7001","7","1","1","10","pc","1","pc","00:04:13.200","00:05:38.800","hw","u","50"
"7002","7","2","2","10","pc","1","pc","00:05:58.600","00:06:22.500","hw","u","50"
"7003","7","3","3","10","pc","1","pc","00:06:28.100","00:07:27.900","hw","u","50"
"7004","7","4","4","10","pc","1","pc","00:11:42.400","00:12:20.200","hw","u","50"
"7005","7","5","5","0","pc","10","pc","00:11:52.500","00:12:03.900","hw","u","50"
"7006","7","6","6","0","pc","10","pc","00:12:12.400","00:12:20.200","hw","u","50"
"7007","7","7","7","0","pc","10","pc","00:13:27.100","00:13:43.600","hw","u","50"
"7008","7","8","8","10","pc","1","pc","00:20:10.600","00:20:24.500","is","u","55"
"7009","7","9","9","10","pc","1","pc","00:20:47.200","00:21:17.500","is","u","55"
"7010","7","10","10","10","pc","1","pc","00:21:36.500","00:22:10.200","is","u","55"
"7011","7","11","11","0","pc","10","pc","00:22:37.100","00:22:45.500","is","u","55"
"7012","7","12","12","10","pc","1","pc","00:23:36.500","00:24:56.900","is","u","55"
"7013","7","13","13","10","pc","1","pc","00:24:59.700","00:25:12.500","is","u","55"
"7014","7","14","14","10","pc","1","pc","00:26:20.000","00:26:25.900","is","u","55"
"7015","7","15","15","0","pc","10","pc","00:26:33.800","00:27:24.800","is","u","55"
"7016","7","16","16","10","pc","1","pc","00:26:41.200","00:27:14.200","is","u","55"
"7017","7","17","17","10","pc","1","pc","00:28:02.100","00:28:47.300","is","u","55"
"7018","7","18","18","10","pc","1","pc","00:28:59.200","00:29:03.400","hw","u","45"
"7019","7","19","19","0","pc","10","pc","00:29:36.900","00:29:41.200","hw","u","45"
"7020","7","20","20","10","pc","1","pc","00:29:36.900","00:29:44.500","hw","u","45"
"7021","7","21","21","0","pc","10","pc","00:32:22.900","00:32:33.600","hw","u","45"
"7022","7","22","22","10","pc","1","pc","00:32:28.200","00:32:33.600","is","u","55"
"7023","7","23","23","10","pc","1","pc","00:33:43.100","00:33:56.200","is","u","55"
"7024","7","24","24","0","pc","10","pc","00:34:53.500","00:35:02.300","is","u","55"
"7025","7","25","25","10","pc","1","pc","00:35:05.100","00:35:18.300","is","u","55"
"7026","7","26","26","10","pc","1","pc","00:36:25.900","00:36:51.400","is","u","55"
"7027","7","27","27","0","pc","10","pc","00:36:41.100","00:37:12.500","is","u","55"
"7028","7","28","28","10","pc","1","pc","00:37:00.400","00:37:18.600","is","c","55"
"7029","7","29","29","10","pc","1","pc","00:37:22.800","00:37:29.700","is","c","55"
"7030","7","30","30","10","pc","1","pc","00:37:31.900","00:37:45.500","is","c","55"
"7031","7","31","31","0","pc","10","pc","00:37:47.500","00:38:02.600","is","c","55"
"7032","7","32","32","10","pc","1","pc","00:38:48.100","00:39:15.800","is","u","55"
"7033","7","33","33","10","pc","1","pc","00:39:15.800","00:39:58.800","is","u","55"
"7034","7","34","34","0","pc","10","pc","00:39:37.000","00:40:17.900","is","u","55"
"7035","7","35","35","10","pc","1","pc","00:40:17.900","00:40:27.600","is","u","55"
"7036","7","36","36","0","pc","10","pc","00:40:24.000","00:40:27.600","is","u","55"
"7037","7","37","37","0","pc","10","pc","00:42:20.100","00:41:32.000","is","u","55"
"7038","7","38","38","10","pc","1","pc","00:44:39.200","00:45:15.100","is","u","55"
"7039","7","39","39","10","pc","1","pc","00:46:43.900","00:46:57.600","is","u","55"
"7040","7","40","40","0","pc","10","pc","00:48:51.900","00:49:44.300","is","u","55"
"7041","7","41","41","10","pc","1","pc","00:48:54.500","00:49:44.300","is","u","55"
"7042","7","42","42","10","pc","1","pc","00:50:05.000","00:50:27.300","hw","u","45"
"7043","7","43","43","0","pc","10","pc","00:53:42.900","00:54:25.400","hw","u","45"
"7044","7","44","44","10","pc","1","pc","00:53:46.100","00:54:02.100","hw","u","45"
"7045","7","45","45","10","pc","1","pc","00:54:09.900","00:54:22.300","hw","u","45"
"7046","7","46","46","0","pc","10","pc","00:54:28.900","00:54:46.900","hw","u","45"
"7047","7","47","47","10","pc","1","pc","00:54:45.000","00:55:07.900","hw","u","45"
"8001","8","1","1","10","pc","1","pc","00:04:31.730","00:06:04.550","hw","u","45"
"8002","8","2","2","0","pc","10","pc","00:05:16.300","00:05:25.300","hw","u","45"
"8003","8","3","3","0","pc","10","pc","00:06:10.510","00:06:20.160","hw","u","45"
"8004","8","4","4","10","pc","1","pc","00:06:28.650","00:08:46.360","hw","u","45"
"8005","8","5","5","0","pc","10","pc","00:08:50.380","00:09:37.740","hw","u","45"
"8006","8","6","6","10","pc","1","pc","00:10:38.310","00:10:50.010","hw","u","45"
"8007","8","7","7","10","pc","1","pc","00:11:15.500","00:11:29.840","hw","u","45"
"8008","8","8","8","0","pc","10","pc","00:14:22.590","00:14:28.830","is","u","55"
"8009","8","9","9","10","pc","1","pc","00:14:58.180","00:16:07.740","is","u","55"
"8010","8","10","10","10","pc","1","pc","00:16:29.300","00:16:53.500","is","u","55"
"8011","8","11","11","10","pc","1","pc","00:17:30.650","00:17:52.140","is","u","55"
"8012","8","12","12","10","pc","1","pc","00:18:54.790","00:19:32.460","is","u","55"
"8013","8","13","13","10","pc","1","pc","00:19:36.290","00:20:16.520","is","c","55"
"8014","8","14","14","0","pc","10","pc","00:19:52.750","00:20:09.820","is","c","55"
"8015","8","15","15","0","pc","10","pc","00:20:13.850","00:20:22.790","is","c","55"
"8016","8","16","16","10","pc","1","pc","00:20:18.000","00:20:31.760","is","c","55"
"8017","8","17","17","0","pc","10","pc","00:20:22.790","00:20:31.760","is","c","55"
"8018","8","18","18","10","pc","1","pc","00:20:38.170","00:21:06.600","wz2","c","55"
"8019","8","19","19","10","pc","1","pc","00:21:23.880","00:21:52.140","wz2","c","55"
"8020","8","20","20","10","pc","1","pc","00:21:56.780","00:22:28.980","wz2","c","55"
"8021","8","21","21","0","pc","10","pc","00:22:11.750","00:22:28.980","wz2","c","55"
"8022","8","22","22","10","pc","1","pc","00:22:29.390","00:22:35.420","wz2","c","55"
"8023","8","23","23","0","pc","10","pc","00:22:30.980","00:22:53.670","wz1","c","55"
"8024","8","24","24","0","pc","10","pc","00:22:57.920","00:23:07.150","is","c","55"
"8025","8","25","25","10","pc","1","pc","00:29:25.530","00:29:53.840","is","c","55"
"8026","8","26","26","0","pc","10","pc","00:30:20.580","00:31:22.520","is","c","55"
"8027","8","27","27","10","pc","1","pc","00:30:50.910","00:31:26.760","is","c","55"
"8028","8","28","28","0","pc","10","pc","00:31:55.190","00:32:08.420","is","c","55"
"8029","8","29","29","0","pc","10","pc","00:32:37.870","00:34:54.450","is","c","55"
"8030","8","30","30","10","pc","1","pc","00:32:59.790","00:34:52.830","is","c","55"
"8031","8","31","31","0","pc","10","pc","00:55:57.050","00:57:31.020","is","c","55"
"8032","8","32","32","0","pc","10","pc","00:59:25.010","01:00:45.000","is","u","55"
"8033","8","33","33","0","pc","10","pc","01:03:04.000","01:04:46.000","hw","u","45"
"8034","8","34","34","0","pc","10","pc","01:09:23.000","01:10:28.000","hw","u","45"
"9001","9","1","1","10","pc","1","pc","00:07:55.300","00:08:57.300","hw","u","45"
"9002","9","2","2","10","pc","1","pc","00:09:06.400","00:09:25.600","hw","u","45"
"9003","9","3","3","10","pc","1","pc","00:01:54.600","00:03:42.400","is","u","55"
"9004","9","4","4","10","pc","1","pc","00:04:29.800","00:05:20.400","is","u","55"
"9005","9","5","5","0","pc","10","pc","00:05:20.400","00:06:26.300","is","u","55"
"9006","9","6","6","10","pc","1","pc","00:05:20.400","00:05:47.000","is","u","55"
"9007","9","7","7","10","pc","1","pc","00:06:16.200","00:06:26.300","is","u","55"
"9008","9","8","8","10","pc","1","pc","00:06:33.300","00:07:18.100","is","u","55"
"9009","9","9","9","0","pc","10","pc","00:06:33.300","00:07:53.600","is","u","55"
"9010","9","10","10","10","pc","1","pc","00:07:18.100","00:07:53.600","is","u","55"
"9011","9","11","11","0","pc","10","pc","00:08:40.300","00:08:47.100","is","u","55"
"9012","9","12","12","0","pc","10","pc","00:08:47.100","00:08:51.400","is","u","55"
"9013","9","13","13","0","pc","10","pc","00:08:51.400","00:09:18.100","is","u","55"
"9014","9","14","14","0","pc","10","pc","00:09:29.800","00:11:54.600","is","u","55"
"9015","9","15","15","10","pc","1","pc","00:10:23.200","00:11:16.600","is","u","55"
"9016","9","16","16","10","pc","1","pc","00:11:24.900","00:11:54.600","is","u","55"
"9017","9","17","17","10","pc","1","pc","00:11:42.900","00:11:54.600","is","u","55"
"9018","9","18","18","0","pc","10","pc","00:12:00.000","00:12:38.600","is","u","55"
"9019","9","19","19","10","pc","1","pc","00:12:17.600","00:12:38.600","is","u","55"
"9020","9","20","20","0","pc","10","pc","00:13:50.800","00:14:18.600","is","u","55"
"9021","9","21","21","0","pc","10","pc","00:15:18.900","00:15:48.700","wz1","u","55"
"9022","9","22","22","0","hv","10","pc","00:19:14.400","00:23:47.900","is","u","55"
"9023","9","23","23","0","pc","10","pc","00:23:37.800","00:23:47.900","is","u","55"
"9024","9","24","24","0","pc","10","pc","00:23:47.900","00:23:50.100","is","u","55"
"9025","9","25","25","0","pc","10","pc","00:27:39.700","00:29:21.600","is","u","55"
"9026","9","26","26","10","pc","1","pc","00:28:58.300","00:29:21.600","is","u","55"
"9027","9","27","27","0","pc","10","pc","00:23:59.900","00:30:56.100","is","u","55"
"9028","9","28","28","10","pc","1","pc","00:30:03.600","00:30:29.800","is","u","55"
"9029","9","29","29","0","pc","10","pc","00:30:56.100","00:31:12.400","is","u","55"
"9030","9","30","30","10","pc","1","pc","00:30:59.200","00:31:06.500","is","u","55"
"9031","9","31","31","10","pc","1","pc","00:33:04.500","00:33:14.200","is","u","55"
"9032","9","32","32","10","pc","1","pc","00:33:36.900","00:34:38.100","hw","u","45"
"9033","9","33","33","10","pc","1","pc","00:33:44.200","00:34:10.400","hw","u","45"
"9034","9","34","34","10","pc","1","pc","00:35:33.600","00:37:09.700","hw","u","45"
"9035","9","35","35","10","pc","1","pc","00:42:19.200","00:42:29.400","hw","u","45"
"10001","10","1","1","10","pc","1","pc","00:05:46.300","00:06:10.200","hw","u","40"
"10002","10","2","2","0","pc","10","pc","00:06:57.600","00:07:44.900","hw","u","40"
"10003","10","3","3","10","pc","1","pc","00:10:04.900","00:10:20.200","hw","u","40"
"10004","10","4","4","10","pc","1","pc","00:10:20.300","00:12:53.600","hw","c","40"
"10005","10","5","5","0","pc","10","pc","00:10:33.400","00:11:04.100","hw","c","40"
"10006","10","6","6","0","pc","10","pc","00:11:07.600","00:11:29.500","hw","c","40"
"10007","10","7","7","0","pc","10","pc","00:11:59.100","00:13:27.800","hw","c","40"
"10008","10","8","8","10","pc","1","pc","00:13:12.000","00:13:54.500","hw","c","40"
"10009","10","9","9","10","pc","1","pc","00:13:56.900","00:14:16.400","hw","c","40"
"10010","10","10","10","10","pc","1","pc","00:14:16.500","00:14:27.900","hw","u","40"
"10011","10","11","11","0","pc","10","pc","00:13:56.900","00:14:16.400","hw","c","40"
"10012","10","12","12","0","pc","10","pc","00:14:16.500","00:14:27.900","hw","u","40"
"10013","10","13","13","10","pc","1","pc","00:14:37.900","00:15:32.500","hw","u","40"
"10014","10","14","14","0","pc","10","pc","00:14:47.300","00:15:03.700","hw","u","40"
"10015","10","15","15","0","pc","10","pc","00:15:11.600","00:15:44.000","hw","u","40"
"10016","10","16","16","10","pc","1","pc","00:16:52.800","00:17:32.000","hw","u","45"
"10017","10","17","17","10","pc","1","pc","00:20:27.800","00:21:20.100","is","u","55"
"10018","10","18","18","10","pc","1","pc","00:22:19.200","00:22:43.200","is","u","55"
"10019","10","19","19","10","pc","1","pc","00:22:57.400","00:23:15.300","is","u","55"
"10020","10","20","20","10","pc","1","hv","00:24:45.900","00:25:01.200","wz2","u","55"
"10021","10","21","21","10","pc","1","pc","00:28:11.900","00:29:37.900","is","u","55"
"10022","10","22","22","0","pc","10","pc","00:28:57.100","00:29:37.900","is","u","55"
"10023","10","23","23","0","pc","10","pc","00:29:54.200","00:30:04.500","aw","u","55"
"10024","10","24","24","0","pc","10","pc","00:30:33.400","00:32:48.900","is","u","55"
"10025","10","25","25","0","pc","10","pc","00:30:40.600","00:30:33.300","wz2","u","55"
"10026","10","26","26","10","pc","1","pc","00:31:59.200","00:32:48.900","is","u","55"
"10027","10","27","27","0","pc","10","pc","00:36:14.000","00:37:06.200","is","c","55"
"10028","10","28","28","10","pc","1","pc","00:36:24.500","00:37:01.800","is","c","55"
"10029","10","29","29","10","pc","1","pc","00:37:18.100","00:39:36.700","is","c","55"
"10030","10","30","30","10","pc","1","pc","00:39:36.800","00:39:45.900","is","u","55"
"10031","10","31","31","0","pc","10","pc","00:37:18.400","00:38:30.100","is","c","55"
"10032","10","32","32","10","pc","1","pc","00:40:31.100","00:41:24.000","is","u","55"
"10033","10","33","33","10","pc","1","pc","00:41:24.100","00:42:37.100","is","c","55"
"10034","10","34","34","10","pc","1","pc","00:42:37.200","00:43:45.600","is","u","55"
"10035","10","35","35","10","pc","1","pc","00:43:45.700","00:44:12.700","is","c","55"
"10036","10","36","36","10","pc","1","pc","00:44:12.800","00:44:22.700","is","u","55"
"10037","10","37","37","0","pc","10","pc","00:41:24.000","00:41:38.900","is","c","55"
"10038","10","38","38","0","pc","10","pc","00:41:49.700","00:42:37.100","is","c","55"
"10039","10","39","39","0","pc","10","pc","00:43:45.700","00:44:24.600","is","c","55"
"10040","10","40","40","0","pc","10","pc","00:47:06.300","00:47:45.800","is","u","55"
"10041","10","41","41","10","pc","1","pc","00:47:45.400","00:48:12.300","is","u","55"
"10042","10","42","42","10","pc","1","pc","00:48:12.400","00:48:42.700","aw","u","55"
"10043","10","43","43","0","pc","10","pc","00:47:46.300","00:48:12.300","is","u","55"
"10044","10","44","44","0","pc","10","pc","00:48:12.400","00:48:31.900","aw","u","55"
"10045","10","45","45","0","pc","10","pc","00:49:02.500","00:49:16.000","aw","c","55"
"10046","10","46","46","0","pc","10","pc","00:49:16.100","00:49:45.600","wz2","c","55"
"10047","10","47","47","0","pc","10","pc","00:49:45.700","00:50:26.600","is","u","55"
"10048","10","48","48","10","pc","1","pc","00:49:05.200","00:49:16.000","aw","c","55"
"10049","10","49","49","10","pc","1","pc","00:49:16.100","00:49:45.600","wz2","c","55"
"10050","10","50","50","10","pc","1","pc","00:49:45.700","00:50:03.200","is","u","55"
"10051","10","51","51","10","pc","1","pc","00:50:09.300","00:53:06.700","is","u","55"
"10052","10","52","52","10","pc","1","pc","00:53:06.800","00:53:46.700","is","c","55"
"10053","10","53","53","0","pc","10","pc","00:53:06.800","00:53:36.100","is","c","55"
"10054","10","54","54","0","pc","10","pc","00:53:36.200","00:54:47.400","is","u","55"
"10055","10","55","55","10","pc","1","pc","00:56:31.400","00:57:02.200","hw","u","45"
"10056","10","56","56","10","pc","1","pc","00:57:18.100","00:57:41.600","hw","u","45"
"10057","10","57","57","10","pc","1","pc","00:57:41.700","00:58:40.600","hw","c","45"
"10058","10","58","58","0","pc","10","pc","00:57:55.600","00:58:13.900","hw","c","45"
"10059","10","59","59","0","pc","10","pc","00:58:41.600","01:00:39.500","hw","c","45"
"10060","10","60","60","10","pc","1","pc","00:58:57.900","00:59:21.400","hw","c","45"
"10061","10","61","61","10","pc","1","pc","00:59:41.000","01:00:39.600","hw","c","45"
"10062","10","62","62","10","pc","1","pc","01:04:40.500","01:05:33.300","hw","u","50"
"10063","10","63","63","10","pc","1","pc","01:07:45.800","01:08:03.700","hw","u","50"
"11001","11","1","1","10","pc","1","pc","00:05:41.300","00:06:54.000","hw","u","45"
"11002","11","2","2","10","pc","1","pc","00:06:59.600","00:07:49.200","hw","u","45"
"11003","11","3","3","10","pc","1","pc","00:08:12.100","00:08:23.200","hw","u","45"
"11004","11","4","4","10","pc","1","pc","00:08:27.100","00:08:44.700","hw","u","45"
"11005","11","5","5","0","pc","10","pc","00:08:48.100","00:08:51.200","hw","u","45"
"11006","11","6","6","0","pc","10","pc","00:16:03.000","00:16:39.600","hw","c","45"
"11007","11","7","7","10","pc","1","pc","00:16:05.200","00:16:41.100","hw","c","45"
"11008","11","8","8","0","pc","10","pc","00:17:08.200","00:16:57.500","hw","c","45"
"11009","11","9","9","10","pc","1","pc","00:16:45.100","00:16:54.500","hw","c","45"
"11010","11","10","10","0","pc","10","pc","00:17:13.900","00:17:27.000","hw","c","45"
"11011","11","11","11","10","pc","1","pc","00:17:13.900","00:17:17.300","hw","c","45"
"11012","11","12","12","0","pc","10","pc","00:17:33.300","00:17:42.100","hw","c","45"
"11013","11","13","13","0","pc","10","pc","00:17:48.600","00:17:57.400","hw","c","45"
"11014","11","14","14","10","pc","1","pc","00:18:12.200","00:18:27.900","hw","c","45"
"11015","11","15","15","1","pc","10","pc","00:18:17.600","00:18:27.900","hw","c","45"
"11016","11","16","16","10","pc","1","pc","00:19:02.300","00:19:22.000","hw","c","45"
"11017","11","17","17","0",,"10","pc","00:19:10.300","00:19:31.200","hw","c","45"
"11018","11","18","18","10","pc","1","pc","00:19:18.300","00:19:20.700","hw","c","45"
"11019","11","19","19","10","pc","1","pc","00:19:35.400","00:20:10.200","hw","c","45"
"11020","11","20","20","0","pc","10","pc","00:19:34.100","00:20:10.200","hw","c","45"
"11021","11","21","21","0","pc","10","pc","00:20:20.800","00:20:32.500","hw","c","45"
"11022","11","22","22","10","pc","1","pc","00:20:28.100","00:20:32.500","hw","c","45"
"11023","11","23","23","10","pc","1","pc","00:20:41.700","00:20:52.000","hw","c","45"
"11024","11","24","24","10","pc","1","pc","00:20:51.800","00:21:56.800","hw","c","45"
"11025","11","25","25","10","pc","1","pc","00:22:03.200","00:22:27.600","hw","c","45"
"11026","11","26","26","10","pc","1","pc","00:22:25.800","00:22:27.600","hw","c","45"
"11027","11","27","27","0","pc","10","pc","00:22:25.800","00:22:50.100","hw","c","45"
"11028","11","28","28","10","pc","1","pc","00:22:25.800","00:22:50.100","hw","c","45"
"11029","11","29","29","0","pc","10","pc","00:22:39.200","00:23:49.000","hw","c","45"
"11030","11","30","30","10","pc","1","pc","00:23:39.200","00:23:48.800","aw","c","45"
"11031","11","31","31","0","pc","10","pc","00:23:55.200","00:24:13.300","aw","c","45"
"11032","11","32","32","10","pc","1","pc","00:24:02.400","00:24:08.600","aw","c","45"
"11033","11","33","33","0","pc","10","pc","00:24:16.800","00:24:20.000","aw","c","45"
"11034","11","34","34","10","pc","1","pc","00:24:26.500","00:24:54.300","aw","c","45"
"11035","11","35","35","0","pc","10","pc","00:32:14.900","00:32:39.600","hw","c","45"
"11036","11","36","36","10","pc","1","pc","00:32:26.700","00:34:28.300","hw","c","45"
"11037","11","37","37","0","pc","10","pc","00:33:30.100","00:33:42.200","hw","c","45"
"11038","11","38","38","0","pc","10","pc","00:34:27.300","00:34:38.400","hw","c","45"
"11039","11","39","39","10","pc","1","pc","00:34:32.800","00:34:42.200","hw","c","45"
"11040","11","40","40","10","pc","1","pc","00:37:02.400","00:37:06.000","hw","c","45"
"11041","11","41","41","10","pc","1","pc","00:37:23.300","00:38:22.900","wz1","c","45"
"11042","11","42","42","0","pc","10","pc","00:40:30.000","00:40:46.400","wz1","c","45"
"11043","11","43","43","0","pc","10","pc","00:45:00.100","00:45:43.700","wz1","c","45"
"11044","11","44","44","0","pc","10","pc","00:46:00.000","00:46:14.300","is","u","60"
"11045","11","45","45","0","pc","10","pc","00:49:07.300","00:50:50.600","is","u","60"
"11046","11","46","46","0","pc","10","pc","00:50:50.600","00:51:51.800","is","u","60"
"11047","11","47","47","0","pc","10","pc","00:52:02.500","00:52:20.900","is","u","60"
"11048","11","48","48","10","pc","1","pc","00:52:00.100","00:52:42.500","is","u","60"
"11049","11","49","49","0","pc","10","pc","00:52:30.100","00:52:42.500","is","u","60"
"11050","11","50","50","0","pc","10","pc","00:55:00.900","00:55:15.300","is","u","60"
"11051","11","51","51","0","pc","10","pc","01:55:00.900","01:55:15.300","is","u","60"
"12001","12","1","1","0","pc","10","pc","00:09:40.400","00:09:46.400","hw","u","45"
"12002","12","2","2","0","pc","10","pc","00:10:54.600","00:11:00.300","hw","u","45"
"12003","12","3","3","10","pc","1","pc","00:11:11.500","00:11:18.600","hw","u","45"
"12004","12","4","4","10","pc","1","pc","00:11:25.900","00:11:39.200","hw","u","45"
"12005","12","5","5","10","pc","1","pc","00:17:33.400","00:17:50.500","is","u","55"
"12006","12","6","6","10","pc","1","pc","00:18:39.500","00:20:15.000","is","u","55"
"12007","12","7","7","0","pc","10","pc","00:19:40.000","00:20:15.000","is","u","55"
"12008","12","8","8","0","pc","10","pc","00:20:15.000","00:21:06.300","is","u","55"
"12009","12","9","9","0","hv","10","pc","00:23:14.300","00:28:17.300","is","u","55"
"12010","12","10","10","10","pc","1","pc","00:29:39.700","00:30:29.200","is","u","55"
"12011","12","11","11","0","pc","10","pc","00:29:41.700","00:31:42.400","is","u","55"
"12012","12","12","12","0","pc","10","pc","00:32:52.100","00:33:20.500","is","u","55"
"12013","12","13","13","10","pc","1","pc","00:32:52.100","00:33:03.300","is","u","55"
"12014","12","14","14","10","pc","1","pc","00:33:31.900","00:33:38.400","is","u","55"
"12015","12","15","15","0","pc","10","pc","00:35:38.600","00:35:58.900","is","u","55"
"12016","12","16","16","10","pc","1","pc","00:35:38.600","00:35:58.900","is","u","55"
"12017","12","17","17","10","pc","1","pc","00:36:28.800","00:37:01.400","is","u","55"
"12018","12","18","18","10","pc","1","pc","00:37:13.800","00:37:39.800","is","u","55"
"12019","12","19","19","10","pc","1","pc","00:37:39.800","00:37:54.600","is","u","55"
"12020","12","20","20","10","pc","1","pc","00:38:23.300","00:39:09.600","is","u","55"
"12021","12","21","21","0","pc","10","pc","00:39:36.500","00:39:51.500","is","u","55"
"12022","12","22","22","10","pc","1","pc","00:39:36.500","00:39:57.000","is","u","55"
"12023","12","23","23","0","pc","10","pc","00:40:56.500","00:41:16.500","is","u","55"
"12024","12","24","24","10","pc","1","pc","00:40:56.500","00:41:38.500","is","u","55"
"12025","12","25","25","0","pc","10","pc","00:42:20.600","00:42:32.400","is","u","55"
"12026","12","26","26","0","pc","10","pc","00:42:44.500","00:42:59.000","is","u","55"
"12027","12","27","27","10","pc","1","pc","00:42:44.500","00:42:56.200","is","u","55"
"12028","12","28","28","0","pc","10","pc","00:43:18.200","00:45:19.000","is","u","55"
"12029","12","29","29","10","pc","1","pc","00:44:56.000","00:45:06.700","is","u","55"
"12030","12","30","30","0","pc","10","pc","00:45:51.000","00:46:07.800","is","u","55"
"12031","12","31","31","10","pc","1","pc","00:45:57.600","00:46:35.800","is","u","55"
"12032","12","32","32","10","pc","1","pc","00:46:07.800","00:46:58.300","is","u","55"
"12033","12","33","33","10","pc","1","pc","00:46:50.300","00:47:18.000","is","u","55"
"12034","12","34","34","0","pc","10","pc","00:47:00.200","00:47:12.000","is","u","55"
"12035","12","35","35","10","pc","1","pc","00:47:31.200","00:48:40.800","is","u","55"
"12036","12","36","36","0","pc","10","pc","00:48:00.000","00:48:17.800","is","u","55"
"12037","12","37","37","0","pc","10","pc","00:48:55.000","00:49:13.900","is","u","55"
"12038","12","38","38","10","pc","1","pc","00:49:46.700","00:49:53.400","is","u","55"
"12039","12","39","39","0","pc","10","pc","00:49:53.400","00:50:19.300","is","u","55"
"12040","12","40","40","10","pc","1","pc","00:50:15.000","00:50:26.800","is","u","55"
"12041","12","41","41","10","pc","1","pc","00:50:26.800","00:51:14.000","is","u","55"
"12042","12","42","42","10","pc","1","pc","00:51:27.800","00:51:48.200","is","u","55"
"12043","12","43","43","0","pc","10","pc","00:51:48.200","00:52:00.700","is","u","55"
"12044","12","44","44","10","pc","1","pc","00:52:03.800","00:52:26.900","is","u","55"
"12045","12","45","45","0","pc","10","pc","00:52:26.900","00:52:35.400","is","u","55"
"12046","12","46","46","0","pc","10","pc","00:52:35.400","00:52:42.000","is","u","55"
"12047","12","47","47","10","pc","1","pc","00:52:50.000","00:53:01.100","is","u","55"
"12048","12","48","48","0","pc","10","pc","00:53:09.900","00:53:38.900","is","u","55"
"12049","12","49","49","0","pc","10","pc","00:54:10.200","00:54:31.300","is","u","55"
"12050","12","50","50","10","pc","1","pc","00:54:10.200","00:54:29.000","is","u","55"
"12051","12","51","51","0","pc","10","pc","00:54:49.400","00:54:53.600","hw","u","45"
"12052","12","52","52","10","pc","1","pc","00:55:25.600","00:55:35.300","hw","u","45"
"12053","12","53","53","0","pc","10","pc","00:57:37.500","00:57:55.500","hw","u","45"
"12054","12","54","54","10","pc","1","pc","00:57:37.500","00:57:59.600","hw","u","45"
"12055","12","55","55","0","pc","10","pc","00:58:30.400","00:58:48.000","hw","u","45"
"12056","12","56","56","0","pc","10","pc","00:59:38.600","01:01:00.100","hw","u","45"
"12057","12","57","57","0","pc","10","pc","01:00:03.000","01:01:01.330","hw","u","45"
"12058","12","58","58","10","pc","1","pc","01:00:03.000","01:01:01.000","hw","u","45"
"13001","13","1","1","10","pc","1","pc","00:04:51.400","00:04:58.400","hw","u","45"
"13002","13","2","2","10","pc","1","pc","00:05:59.300","00:06:37.500","hw","u","45"
"13003","13","3","3","10","pc","1","pc","00:07:17.200","00:07:31.400","hw","u","45"
"13004","13","4","4","10","pc","1","pc","00:08:13.800","00:08:33.700","hw","u","45"
"13005","13","5","5","0","pc","10","pc","00:08:17.500","00:08:33.700","hw","u","45"
"13006","13","6","6","10","pc","1","pc","00:08:33.700","00:08:38.000","hw","u","45"
"13007","13","7","7","0","pc","10","pc","00:08:48.800","00:08:51.000","hw","u","45"
"13008","13","8","8","10","pc","1","pc","00:08:48.800","00:08:51.000","hw","u","45"
"13009","13","9","9","0","pc","10","pc","00:08:53.200","00:09:36.800","hw","u","45"
"13010","13","10","10","10","pc","1","pc","00:08:57.700","00:09:36.800","hw","u","45"
"13011","13","11","11","0","pc","10","pc","00:10:06.600","00:10:56.000","hw","u","45"
"13012","13","12","12","0","pc","10","pc","00:12:05.100","00:12:24.700","hw","u","45"
"13013","13","13","13","10","pc","1","pc","00:12:10.500","00:12:14.900","hw","u","45"
"13014","13","14","14","0","pc","10","pc","00:12:37.600","00:12:45.900","hw","u","45"
"13015","13","15","15","0","pc","10","pc","00:12:53.800","00:13:16.500","hw","u","45"
"13016","13","16","16","0","pc","10","pc","00:13:28.400","00:13:39.800","hw","u","45"
"13017","13","17","17","0","pc","10","pc","00:13:57.200","00:14:09.200","hw","u","45"
"13018","13","18","18","10","pc","1","pc","00:13:59.900","00:14:04.300","hw","u","45"
"13019","13","19","19","0","pc","10","pc","00:14:31.200","00:14:34.800","hw","u","45"
"13020","13","20","20","0","pc","10","pc","00:14:34.800","00:14:38.600","hw","u","45"
"13021","13","21","21","10","pc","1","pc","00:14:43.800","00:14:45.500","hw","u","45"
"13022","13","22","22","0","pc","10","pc","00:14:45.500","00:14:59.200","hw","u","45"
"13023","13","23","23","0","pc","10","pc","00:15:07.500","00:15:13.900","hw","u","45"
"13024","13","24","24","0","pc","10","pc","00:15:16.100","00:16:03.200","hw","u","45"
"13025","13","25","25","10","pc","1","pc","00:15:18.800","00:15:23.200","hw","u","45"
"13026","13","26","26","10","pc","1","pc","00:15:37.800","00:16:03.200","hw","u","45"
"13027","13","27","27","0","pc","10","pc","00:16:05.400","00:17:03.100","hw","u","45"
"13028","13","28","28","10","pc","1","pc","00:16:12.500","00:16:35.500","hw","u","45"
"13029","13","29","29","10","pc","1","pc","00:16:45.100","00:16:51.100","hw","u","45"
"13030","13","30","30","0","pc","10","pc","00:17:09.100","00:17:16.900","hw","u","45"
"13031","13","31","31","10","pc","1","pc","00:17:16.900","00:17:21.600","hw","u","45"
"13032","13","32","32","0","pc","10","pc","00:17:21.600","00:17:24.300","hw","u","45"
"13033","13","33","33","0","pc","10","pc","00:17:45.400","00:18:02.600","hw","u","45"
"13034","13","34","34","0","pc","10","pc","00:18:09.700","00:18:18.600","hw","u","45"
"13035","13","35","35","10","pc","1","pc","00:18:47.200","00:18:49.300","hw","u","45"
"13036","13","36","36","0","pc","10","pc","00:18:28.200","00:18:47.200","hw","u","45"
"13037","13","37","37","0","pc","10","pc","00:19:02.900","00:19:44.300","hw","u","45"
"13038","13","38","38","10","pc","1","pc","00:19:08.300","00:19:10.500","hw","u","45"
"13039","13","39","39","0","pc","10","pc","00:20:02.700","00:20:30.200","hw","u","45"
"13040","13","40","40","0","pc","10","pc","00:20:33.100","00:20:46.800","hw","u","45"
"13041","13","41","41","10","pc","1","pc","00:20:46.800","00:20:52.600","hw","u","45"
"13042","13","42","42","10","pc","1","pc","00:20:55.100","00:21:29.500","hw","u","45"
"13043","13","43","43","0","pc","10","pc","00:20:55.100","00:21:36.600","hw","u","45"
"13044","13","44","44","10","pc","1","pc","00:21:32.000","00:21:36.600","hw","u","45"
"13045","13","45","45","0","pc","10","pc","00:22:10.500","00:22:26.100","hw","u","45"
"13046","13","46","46","0","pc","10","pc","00:22:43.200","00:22:49.500","hw","u","45"
"13047","13","47","47","0","pc","10","pc","00:23:00.800","00:23:10.000","hw","u","45"
"13048","13","48","48","0","pc","10","pc","00:23:27.200","00:23:45.900","hw","u","45"
"13049","13","49","49","10","pc","1","pc","00:24:36.700","00:24:49.400","hw","u","45"
"13050","13","50","50","10","pc","1","pc","00:24:49.400","00:25:27.800","hw","u","45"
"13051","13","51","51","10","pc","1","pc","00:25:33.200","00:25:53.000","hw","u","45"
"13052","13","52","52","10","pc","1","pc","00:25:53.000","00:26:39.600","hw","u","45"
"13053","13","53","53","0","pc","10","pc","00:26:03.500","00:26:26.800","hw","u","45"
"13054","13","54","54","10","pc","1","pc","00:27:13.000","00:27:32.000","hw","u","45"
"13055","13","55","55","10","pc","1","pc","00:27:46.300","00:28:09.800","is","u","55"
"13056","13","56","56","10","pc","1","pc","00:30:40.300","00:31:06.400","is","u","55"
"13057","13","57","57","10","pc","1","pc","00:34:24.500","00:34:45.500","is","u","55"
"13058","13","58","58","10","pc","1","pc","00:36:22.800","00:36:56.300","is","u","55"
"13059","13","59","59","0","pc","10","pc","00:36:34.700","00:36:53.400","is","u","55"
"13060","13","60","60","10","pc","1","pc","00:38:24.300","00:38:30.700","is","u","55"
"13061","13","61","61","10","pc","1","pc","00:39:31.100","00:40:07.300","is","u","55"
"13062","13","62","62","0","hv","10","pc","00:41:44.500","00:42:14.600","is","u","55"
"13063","13","63","63","10","pc","1","pc","00:46:48.100","00:47:18.900","is","u","55"
"13064","13","64","64","0","hv","10","pc","00:49:57.300","00:50:33.400","is","u","55"
"13065","13","65","65","10","pc","1","pc","00:50:19.800","00:50:33.400","is","u","55"
"13066","13","66","66","0","pc","10","pc","00:52:26.800","00:52:30.020","is","u","55"
"13067","13","67","67","0","pc","10","pc","00:53:39.300","00:55:29.300","is","u","55"
"13068","13","68","68","10","pc","1","pc","00:53:47.800","00:54:16.600","wz1","c","55"
"13069","13","69","69","10","pc","1","pc","00:54:47.800","00:55:29.300","wz1","c","55"
"13070","13","70","70","10","pc","1","pc","00:55:48.000","00:56:48.400","wz1","c","55"
"13071","13","71","71","0","pc","10","pc","00:55:48.000","00:55:53.400","wz1","c","55"
"13072","13","72","72","0","pc","10","pc","00:55:56.400","00:56:41.900","wz1","c","55"
"13073","13","73","73","0","pc","10","pc","00:56:55.600","00:57:09.100","wz1","c","55"
"13074","13","74","74","10","pc","1","pc","00:56:57.900","00:57:09.100","wz1","c","55"
"13075","13","75","75","0","pc","10","pc","00:57:32.600","00:57:45.300","wz1","c","55"
"13076","13","76","76","10","pc","1","pc","00:57:32.600","00:57:54.600","wz1","c","55"
"13077","13","77","77","0","pc","10","pc","00:57:45.300","00:58:00.000","wz1","c","55"
"13078","13","78","78","0","pc","10","pc","00:58:00.000","00:58:28.000","wz1","c","55"
"13079","13","79","79","10","pc","1","pc","00:58:04.400","00:58:13.800","wz1","u","55"
"13080","13","80","80","0","pc","10","pc","00:58:18.300","00:59:36.000","is","u","55"
"13081","13","81","81","10","pc","1","pc","00:58:18.300","00:59:23.100","is","u","55"
"13082","13","82","82","10","pc","1","pc","00:59:28.500","00:59:32.900","is","u","55"
"13083","13","83","83","0","pc","10","pc","00:59:39.200","00:59:55.900","is","u","55"
"13084","13","84","84","10","pc","1","pc","00:59:51.400","00:59:55.900","is","u","55"
"13085","13","85","85","0","pc","10","pc","01:00:12.700","01:00:24.400","is","u","45"
"13086","13","86","86","0","pc","10","pc","01:00:29.000","01:00:42.100","is","u","45"
"13087","13","87","87","10","pc","1","pc","01:00:33.800","01:00:54.500","is","u","45"
"13088","13","88","88","0","pc","10","pc","01:00:54.500","01:01:04.700","is","u","45"
"13089","13","89","89","0","pc","10","pc","01:01:09.800","01:01:57.200","is","u","45"
"13090","13","90","90","10","pc","1","pc","01:01:16.300","01:01:57.200","is","u","45"
"13091","13","91","91","0","pc","10","pc","01:02:13.900","01:02:26.100","is","u","45"
"13092","13","92","92","10","pc","1","pc","01:02:32.100","01:03:48.800","wz1","u","45"
"13093","13","93","93","0","pc","10","pc","01:02:35.600","01:03:10.900","wz1","u","45"
"13094","13","94","94","0","pc","10","pc","01:06:13.700","01:06:31.100","wz1","u","45"
"13095","13","95","95","0","pc","10","pc","01:08:15.900","01:08:23.100","wz1","u","45"
"13096","13","96","96","10","pc","1","pc","01:10:39.300","01:11:20.300","wz1","u","45"
"13097","13","97","97","10","pc","1","pc","01:13:22.900","01:14:21.200","hw","u","45"
"13098","13","98","98","0","pc","10","pc","01:14:10.500","01:15:31.400","hw","u","45"
"13099","13","99","99","0","pc","10","pc","01:15:31.400","01:16:29.500","hw","u","45"
"13100","13","100","100","10","pc","1","pc","01:15:35.300","01:15:47.500","hw","u","45"
"13101","13","101","101","0","pc","10","pc","01:16:48.900","01:17:09.900","hw","u","45"
"13102","13","102","102","0","pc","10","pc","01:18:13.000","01:18:53.900","hw","u","45"
"13103","13","103","103","10","pc","1","pc","01:18:45.200","01:18:59.700","hw","u","45"
"14001","14","1","1","0","pc","10","pc","00:06:20.400","00:06:38.600","wz1","u","45"
"14002","14","2","2","10","pc","1","pc","00:06:25.800","00:06:34.100","wz1","u","45"
"14003","14","3","3","0","pc","10","pc","00:06:55.300","00:07:18.500","wz1","u","45"
"14004","14","4","4","10","pc","1","pc","00:06:55.300","00:07:06.200","wz1","u","45"
"14005","14","5","5","0","pc","10","pc","00:08:52.700","00:09:52.800","wz1","u","45"
"14006","14","6","6","10","pc","1","pc","00:09:52.800","00:10:35.700","wz2","u","45"
"14007","14","7","7","0","pc","10","pc","00:09:52.800","00:09:58.000","hw","u","45"
"14008","14","8","8","0","pc","10","pc","00:10:02.400","00:10:47.900","hw","u","45"
"14009","14","9","9","0","pc","10","pc","00:13:21.300","00:14:26.700","hw","u","45"
"14010","14","10","10","0","pc","10","pc","00:15:44.400","00:15:55.900","hw","u","45"
"14011","14","11","11","10","pc","1","pc","00:16:59.100","00:18:58.600","aw","u","55"
"14012","14","12","12","0","pc","10","pc","00:17:58.000","00:19:26.800","aw","u","55"
"14013","14","13","13","10","pc","1","pc","00:19:07.800","00:19:30.700","aw","u","55"
"14014","14","14","14","10","pc","1","pc","00:19:57.500","00:20:05.600","aw","u","55"
"14015","14","15","15","0","pc","10","pc","00:20:23.200","00:20:28.700","is","c","55"
"14016","14","16","16","0","pc","10","pc","00:20:32.200","00:21:09.600","is","c","55"
"14017","14","17","17","10","pc","1","pc","00:20:23.200","00:20:28.700","is","c","55"
"14018","14","18","18","10","pc","1","pc","00:20:23.200","00:20:28.700","is","c","55"
"14019","14","19","19","10","pc","1","pc","00:20:39.400","00:20:51.800","is","c","55"
"14020","14","20","20","10","pc","1","pc","00:21:00.600","00:21:58.100","is","c","55"
"14021","14","21","21","0","pc","10","pc","00:21:09.600","00:21:58.100","is","c","55"
"14022","14","22","22","0","pc","10","pc","00:22:13.500","00:22:51.700","wz1","c","55"
"14023","14","23","23","10","pc","1","pc","00:22:21.700","00:22:28.100","wz1","c","55"
"14024","14","24","24","10","pc","1","pc","00:22:51.700","00:24:18.000","wz1","c","55"
"14025","14","25","25","0","pc","10","pc","00:22:57.600","00:24:18.000","wz1","c","55"
"14026","14","26","26","0","pc","10","pc","00:24:18.000","00:24:25.800","wz1","c","55"
"14027","14","27","27","10","pc","1","pc","00:24:18.000","00:24:25.800","wz1","c","55"
"14028","14","28","28","0","pc","10","pc","00:26:01.600","00:26:50.800","wz1","c","55"
"14029","14","29","29","10","pc","1","pc","00:26:01.600","00:26:29.300","wz1","c","55"
"14030","14","30","30","10","pc","1","pc","00:26:40.900","00:26:59.600","wz1","c","55"
"14031","14","31","31","0","pc","10","pc","00:26:50.800","00:27:08.000","wz1","c","55"
"14032","14","32","32","0","pc","10","pc","00:27:08.000","00:27:44.500","wz2","c","55"
"14033","14","33","33","10","pc","1","pc","00:27:36.100","00:28:33.100","wz2","c","55"
"14034","14","34","34","0","pc","10","pc","00:30:12.800","00:31:13.800","wz2","c","55"
"14035","14","35","35","10","pc","1","pc","00:30:53.900","00:31:00.500","is","u","55"
"14036","14","36","36","0","pc","10","pc","00:34:14.700","00:37:22.400","is","u","55"
"14037","14","37","37","10","pc","1","pc","00:35:53.900","00:36:45.360","is","u","55"
"14038","14","38","38","10","pc","1","pc","00:37:22.400","00:38:43.400","is","u","55"
"14039","14","39","39","10","pc","1","pc","00:37:34.400","00:38:43.400","is","u","55"
"14040","14","40","40","10","pc","1","pc","00:39:39.000","00:40:17.300","is","u","55"
"14041","14","41","41","0","pc","10","pc","00:39:57.800","00:40:20.800","is","u","55"
"14042","14","42","42","10","pc","1","pc","00:40:49.600","00:41:01.400","wz1","u","55"
"14043","14","43","43","10","pc","1","pc","00:41:06.000","00:41:27.600","wz1","u","55"
"14044","14","44","44","10","pc","1","pc","00:41:37.900","00:42:07.300","wz1","u","55"
"14045","14","45","45","10","pc","1","pc","00:42:28.000","00:42:44.600","wz1","u","55"
"14046","14","46","46","0","pc","10","pc","00:42:28.000","00:43:36.200","wz1","u","55"
"14047","14","47","47","10","pc","1","pc","00:42:50.600","00:43:15.400","wz1","u","55"
"14048","14","48","48","10","pc","1","pc","00:43:23.400","00:44:22.400","wz1","u","55"
"14049","14","49","49","0","pc","10","pc","00:43:52.200","00:44:22.400","wz1","u","55"
"14050","14","50","50","10","pc","1","pc","00:43:52.200","00:44:02.700","wz1","u","55"
"14051","14","51","51","10","pc","1","pc","00:44:25.900","00:44:57.400","is","u","55"
"14052","14","52","52","0","pc","10","pc","00:44:53.400","00:46:22.200","is","u","55"
"14053","14","53","53","10","pc","1","pc","00:45:13.600","00:46:17.100","is","u","55"
"14054","14","54","54","0","pc","10","pc","00:46:39.400","00:47:31.000","is","u","55"
"14055","14","55","55","10","pc","1","pc","00:46:46.900","00:48:34.100","is","u","55"
"14056","14","56","56","0","pc","10","pc","00:48:08.800","00:48:45.100","is","u","55"
"14057","14","57","57","10","pc","1","pc","00:48:08.800","00:48:45.100","is","u","55"
"14058","14","58","58","0","pc","10","pc","00:48:53.700","00:49:37.200","is","u","55"
"14059","14","59","59","10","pc","1","pc","00:48:59.600","00:49:52.500","is","u","55"
"14060","14","60","60","0","pc","10","pc","00:49:37.200","00:50:09.600","is","u","55"
"14061","14","61","61","0","pc","10","pc","00:50:54.700","00:52:28.000","is","u","55"
"14062","14","62","62","0","pc","10","pc","00:52:28.000","00:53:04.100","is","u","55"
"14063","14","63","63","0","pc","10","pc","00:53:09.200","00:53:22.100","is","u","55"
"14064","14","64","64","10","pc","1","pc","00:53:30.000","00:53:41.300","is","u","55"
"14065","14","65","65","10","pc","1","pc","00:54:00.600","00:54:56.700","is","u","55"
"14066","14","66","66","0","pc","10","pc","00:54:10.500","00:54:42.900","is","u","55"
"14067","14","67","67","0","pc","10","pc","00:54:50.000","00:54:56.700","is","u","55"
"14068","14","68","68","0","pc","10","pc","00:55:55.700","00:56:18.600","is","u","55"
"14069","14","69","69","0","pc","10","pc","00:56:23.700","00:56:52.500","is","u","55"
"14070","14","70","70","10","pc","1","pc","00:56:56.600","00:57:20.800","is","u","55"
"14071","14","71","71","10","pc","1","pc","00:57:32.100","00:57:42.400","is","u","55"
"14072","14","72","72","10","pc","1","pc","00:59:13.500","01:00:25.100","hw","u","45"
"14073","14","73","73","10","pc","1","pc","01:00:57.800","01:01:04.900","hw","u","45"
"14074","14","74","74","10","pc","1","pc","01:01:08.500","01:01:18.600","hw","u","45"
"14075","14","75","75","10","pc","1","pc","01:01:34.300","01:03:38.800","hw","u","45"
"14076","14","76","76","0","pc","10","pc","01:04:23.700","01:04:40.300","hw","u","45"
"14077","14","77","77","10","pc","1","pc","01:04:33.000","01:04:40.300","hw","u","45"
"16001","16","1","1","10","pc","1","pc","00:06:14.800","00:06:43.880","hw","u","50"
"16002","16","2","2","10","pc","1","pc","00:06:45.370","00:13:47.000","hw","c","50"
"16003","16","3","3","0","pc","10","pc","00:06:35.400","00:13:23.100","hw","c","50"
"16004","16","4","4","0","pc","10","pc","00:13:38.700","00:18:32.100","hw","c","50"
"16005","16","5","5","10","pc","1","pc","00:13:49.500","00:18:41.400","hw","c","50"
"16006","16","6","6","0","pc","10","pc","00:18:56.100","00:21:00.900","hw","c","50"
"16007","16","7","7","0","pc","10","pc","00:21:01.000","00:33:39.200","hw","c","40"
"16008","16","8","8","10","pc","1","pc","00:18:59.900","00:21:00.900","hw","c","50"
"16009","16","9","9","10","pc","1","pc","00:21:01.000","00:33:29.200","hw","c","40"
"16010","16","10","10","10","pc","1","pc","00:33:29.300","00:33:35.500","hw","u","40"
"16011","16","11","11","0","pc","10","pc","00:37:32.500","00:37:43.200","is","u","55"
"16012","16","12","12","10","pc","1","pc","00:39:22.300","00:42:16.600","is","u","55"
"16013","16","13","13","10","pc","1","pc","00:42:16.700","00:42:47.400","aw","u","55"
"16014","16","14","14","10","pc","1","pc","00:42:47.500","00:42:50.100","wz2","u","45"
"16015","16","15","15","0","pc","10","pc","00:42:17.400","00:42:47.400","aw","u","55"
"16016","16","16","16","0","pc","10","pc","00:42:47.500","00:43:11.400","wz2","u","55"
"16017","16","17","17","10","pc","1","pc","00:42:58.700","00:43:27.300","wz2","u","55"
"16018","16","18","18","10","pc","1","pc","00:43:27.400","00:45:26.900","is","u","55"
"16019","16","19","19","0","pc","10","pc","00:43:27.400","00:49:48.900","is","u","55"
"16020","16","20","20","10","pc","1","pc","00:45:48.000","00:46:37.900","is","u","55"
"16021","16","21","21","0","pc","10","pc","00:50:20.300","00:51:00.000","is","u","55"
"16022","16","22","22","0","pc","10","pc","00:53:27.100","00:54:22.300","is","u","55"
"16023","16","23","23","0","pc","10","pc","00:54:33.100","00:55:59.800","is","u","55"
"16024","16","24","24","0","pc","10","pc","00:56:09.800","00:59:04.000","is","u","55"
"16025","16","25","25","10","pc","1","pc","00:57:53.600","00:58:11.200","is","u","55"
"16026","16","26","26","10","pc","1","pc","00:59:27.100","01:00:14.700","is","u","55"
"16027","16","27","27","10","pc","1","pc","01:00:14.800","01:01:04.300","aw","u","55"
"16028","16","28","28","0","pc","10","pc","00:59:39.900","01:00:10.100","is","u","55"
"16029","16","29","29","0","pc","10","pc","01:00:12.700","01:01:07.400","aw","u","55"
"16030","16","30","30","0","pc","10","pc","01:01:07.500","01:01:50.800","wz2","u","55"
"16031","16","31","31","0","pc","10","pc","01:01:50.900","01:02:05.300","is","u","55"
"16032","16","32","32","0","pc","10","pc","01:02:47.600","01:05:41.200","is","u","55"
"16033","16","33","33","10","pc","1","pc","01:05:26.500","01:05:41.200","is","u","55"
"16034","16","34","34","0","pc","10","pc","01:06:04.500","01:07:03.600","is","u","55"
"16035","16","35","35","0","pc","10","pc","01:08:49.100","01:09:05.000","hw","c","45"
"16036","16","36","36","10","pc","1","pc","01:08:53.200","01:09:50.600","hw","c","45"
"16037","16","37","37","0","pc","10","pc","01:08:58.500","01:10:20.300","hw","c","45"
"16038","16","38","38","10","pc","1","pc","01:09:53.400","01:10:45.900","hw","c","45"
"16039","16","39","39","0","pc","10","pc","01:19:24.200","01:19:56.500","hw","u","45"
"16040","16","40","40","0","pc","10","pc","01:22:32.400","01:24:50.300","hw","u","50"
"16041","16","41","41","10","pc","1","pc","01:22:58.000","01:23:13.900","hw","u","50"
"16042","16","42","42","10","pc","1","pc","01:24:23.100","01:25:11.200","hw","u","50"
"16043","16","43","43","0","pc","10","pc","01:25:56.300","01:26:18.000","hw","u","50"
"16044","16","44","44","0","pc","10","pc","01:26:55.000","01:27:25.400","hw","u","50"
"17001","17","1","1","0","pc","10","pc","00:01:40.700","00:04:00.800","hw","u","40"
"17002","17","2","2","10","pc","1","pc","00:02:33.200","00:04:00.800","hw","u","40"
"17003","17","3","3","10","pc","1","pc","00:04:44.300","00:06:00.900","hw","u","45"
"17004","17","4","4","10","pc","1","pc","00:06:20.600","00:07:00.400","is","u","55"
"17005","17","5","5","0","pc","10","pc","00:06:24.400","00:07:04.200","is","u","55"
"17006","17","6","6","0","hv","10","pc","00:07:04.300","00:09:05.800","is","u","55"
"17007","17","7","7","10","pc","1","pc","00:08:16.400","00:08:45.500","is","u","55"
"17008","17","8","8","0","pc","10","pc","00:09:35.100","00:10:06.000","is","u","55"
"17009","17","9","9","0","pc","10","pc","00:10:06.100","00:10:22.100","aw","u","55"
"17010","17","10","10","10","pc","1","pc","00:09:49.600","00:10:06.000","is","u","55"
"17011","17","11","11","10","pc","1","pc","00:10:06.100","00:10:53.100","aw","u","55"
"17012","17","12","12","0","pc","10","pc","00:10:53.900","00:11:09.000","aw","u","55"
"17013","17","13","13","0","pc","10","pc","00:11:09.100","00:11:14.200","tz","u","45"
"17014","17","14","14","0","pc","10","pc","00:11:14.200","00:11:24.200","wz1","u","45"
"17015","17","15","15","0","pc","10","pc","00:11:24.300","00:11:37.100","is","u","55"
"17016","17","16","16","10","pc","1","pc","00:10:57.900","00:11:09.000","aw","u","55"
"17017","17","17","17","10","pc","1","pc","00:11:09.100","00:11:14.200","tz","u","45"
"17018","17","18","18","10","pc","1","pc","00:11:14.300","00:11:24.200","wz1","u","45"
"17019","17","19","19","10","pc","1","pc","00:11:24.300","00:11:37.900","is","u","55"
"17020","17","20","20","0","pc","10","pc","00:12:01.500","00:12:23.100","is","u","55"
"17021","17","21","21","10","pc","1","pc","00:12:02.100","00:12:23.100","is","u","55"
"17022","17","22","22","0","pc","10","pc","00:13:42.800","00:14:03.600","is","u","55"
"17023","17","23","23","0","pc","10","pc","00:16:30.800","00:17:53.400","is","u","55"
"17024","17","24","24","0","pc","10","pc","00:18:56.300","00:19:37.500","is","u","55"
"17025","17","25","25","10","pc","1","pc","00:25:30.000","00:26:31.200","is","u","55"
"17026","17","26","26","0","pc","10","pc","00:30:55.700","00:33:27.800","aw","c","55"
"17027","17","27","27","0","pc","10","pc","00:33:27.900","00:33:51.600","tz","c","45"
"17028","17","28","28","0","pc","10","pc","00:33:51.700","00:34:17.100","wz1","c","45"
"17029","17","29","29","10","pc","1","pc","00:31:23.200","00:33:27.800","aw","c","55"
"17030","17","30","30","10","pc","1","pc","00:33:27.900","00:33:32.600","tz","c","45"
"17031","17","31","31","10","pc","1","pc","00:33:38.200","00:33:51.600","tz","c","45"
"17032","17","32","32","10","pc","1","pc","00:33:51.700","00:34:17.100","wz1","c","45"
"17033","17","33","33","10","pc","1","pc","00:43:56.900","00:44:52.500","hw","u","40"
"17034","17","34","34","10","pc","1","pc","00:45:54.600","00:46:19.500","hw","u","50"
"17035","17","35","35","10","pc","1","pc","00:47:08.400","00:47:56.100","hw","u","50"
"18001","18","1","1","10","pc","1","pc","00:05:34.600","00:07:43.600","hw","u","50"
"18002","18","2","2","10","pc","1","pc","00:07:43.400","00:07:51.700","hw","c","50"
"18003","18","3","3","0","pc","10","pc","00:07:56.400","00:18:07.800","hw","c","50"
"18004","18","4","4","0","pc","10","pc","00:18:07.900","00:19:51.100","hw","c","40"
"18005","18","5","5","0","pc","10","pc","00:20:16.100","00:22:02.900","hw","c","40"
"18006","18","6","6","10","pc","1","pc","00:24:27.300","00:25:11.200","hw","u","40"
"18007","18","7","7","10","pc","1","pc","00:30:27.500","00:31:16.700","is","u","55"
"18008","18","8","8","10","pc","1","pc","00:33:09.800","00:33:27.600","aw","u","55"
"18009","18","9","9","10","pc","1","pc","00:33:41.500","00:34:07.900","aw","u","55"
"18010","18","10","10","0","pc","10","pc","00:34:46.300","00:35:12.000","wz1","u","45"
"18011","18","11","11","10","pc","1","pc","00:35:55.800","00:36:01.100","wz2","u","55"
"18012","18","12","12","10","pc","1","pc","00:36:01.200","00:38:54.500","is","u","55"
"18013","18","13","13","10","pc","1","pc","00:50:33.300","00:51:05.700","is","u","55"
"18014","18","14","14","10","pc","1","pc","00:51:05.800","00:52:12.100","is","c","55"
"18015","18","15","15","10","pc","1","pc","00:52:12.200","00:53:07.100","is","u","55"
"18016","18","16","16","10","pc","1","pc","00:54:21.900","00:55:05.800","is","u","55"
"18017","18","17","17","10","pc","1","pc","00:55:05.900","00:55:22.300","aw","u","55"
"18018","18","18","18","0","pc","10","pc","00:56:57.700","00:57:18.500","wz2","u","55"
"18019","18","19","19","10","pc","1","pc","00:57:43.600","00:58:40.000","is","u","55"
"18020","18","20","20","0","pc","10","pc","00:57:46.100","00:59:18.800","is","u","55"
"18021","18","21","21","10","pc","1","pc","00:59:16.400","00:59:34.900","is","u","55"
"18022","18","22","22","10","pc","1","pc","01:02:36.100","01:02:58.400","is","u","55"
"18023","18","23","23","0","pc","10","pc","01:04:44.300","01:05:41.500","hw","c","50"
"18024","18","24","24","0","pc","10","pc","01:05:47.900","01:06:54.900","hw","c","50"
"19001","19","1","1","10","pc","1","pc","00:10:19.100","00:10:54.100","hw","u","50"
"19002","19","2","2","10","pc","1","pc","00:13:23.200","00:13:56.600","hw","u","40"
"19003","19","3","3","10","pc","1","pc","00:17:59.400","00:18:46.890","is","u","55"
"19004","19","4","4","10","pc","1","pc","00:18:46.900","00:18:58.500","aw","u","55"
"19005","19","5","5","10","pc","1","pc","00:18:58.600","00:19:02.000","tz","c","45"
"19006","19","6","6","10","pc","1","pc","00:19:02.100","00:19:20.900","wz1","c","45"
"19007","19","7","7","10","pc","1","pc","00:19:21.000","00:19:49.100","is","u","55"
"19008","19","8","8","10","pc","1","pc","00:23:09.200","00:23:20.700","aw","c","55"
"19009","19","9","9","10","pc","1","pc","00:23:20.800","00:23:41.200","wz2","c","55"
"19010","19","10","10","10","pc","1","pc","00:23:41.300","00:24:53.900","aw","c","55"
"19011","19","11","11","0","pc","10","pc","00:23:09.300","00:23:14.700","aw","u","55"
"19012","19","12","12","0","pc","10","pc","00:23:14.800","00:23:29.500","aw","c","55"
"19013","19","13","13","0","pc","10","pc","00:23:44.200","00:25:04.100","aw","c","55"
"19014","19","14","14","10","pc","1","pc","00:26:11.700","00:26:19.900","tz","c","45"
"19015","19","15","15","10","pc","1","pc","00:26:20.000","00:26:25.300","wz1","u","45"
"19016","19","16","16","0","pc","10","pc","00:26:18.600","00:26:29.800","wz1","u","45"
"19017","19","17","17","10","pc","1","hv","00:27:45.200","00:28:17.500","is","u","55"
"19018","19","18","18","10","pc","1","pc","00:28:35.800","00:29:48.500","is","u","55"
"19019","19","19","19","10","pc","1","pc","00:30:00.100","00:32:09.700","is","u","55"
"19020","19","20","20","10","pc","1","pc","00:39:55.200","00:40:51.800","is","c","55"
"19021","19","21","21","0","pc","10","pc","00:41:34.100","00:42:09.100","aw","c","55"
"19022","19","22","22","0","pc","10","pc","00:42:09.200","00:43:41.300","wz2","c","45"
"19023","19","23","23","10","pc","1","pc","00:42:10.200","00:43:41.300","wz2","c","45"
"19024","19","24","24","10","pc","1","pc","00:43:52.500","00:49:07.900","is","c","55"
"19025","19","25","25","0","pc","10","pc","00:43:57.000","00:45:28.500","is","c","55"
"19026","19","26","26","0","pc","10","pc","00:45:30.100","00:51:37.500","is","c","55"
"19027","19","27","27","10","pc","1","pc","00:49:20.100","00:49:55.000","is","c","55"
"19028","19","28","28","10","pc","1","pc","00:50:34.300","00:52:28.800","is","c","55"
"19029","19","29","29","0","pc","10","pc","00:51:51.900","00:52:34.300","is","c","55"
"19030","19","30","30","10","pc","1","pc","00:52:56.500","00:53:03.000","is","c","55"
"19031","19","31","31","10","pc","1","pc","00:53:03.100","00:53:32.100","aw","c","55"
"19032","19","32","32","10","pc","1","pc","00:53:32.200","00:53:57.500","wz2","u","55"
"19033","19","33","33","10","pc","1","pc","00:53:57.600","00:54:26.100","is","u","55"
"19034","19","34","34","10","pc","1","pc","00:55:07.800","00:55:39.500","is","u","55"
"19035","19","35","35","10","pc","1","pc","00:56:10.100","00:57:20.500","is","u","55"
"19036","19","36","36","10","pc","1","pc","00:59:17.300","01:00:01.600","wz2","u","55"
"19037","19","37","37","10","pc","1","pc","01:00:01.700","01:00:20.000","is","u","55"
"19038","19","38","38","10","pc","1","pc","01:01:14.000","01:01:59.000","is","u","55"
"19039","19","39","39","0","pc","10","pc","01:01:14.000","01:04:07.240","is","u","55"
"19040","19","40","40","10","pc","1","pc","01:02:32.200","01:03:25.200","is","c","55"
"19041","19","41","41","10","pc","1","pc","01:03:25.300","01:03:43.800","is","u","55"
"19042","19","42","42","10","pc","1","pc","01:06:31.100","01:06:51.900","is","u","55"
"19043","19","43","43","0","pc","10","pc","01:08:38.700","01:09:26.300","hw","u","45"
"19044","19","44","44","0","pc","10","pc","01:11:03.100","01:12:25.000","hw","u","40"
"19045","19","45","45","10","pc","1","pc","01:17:44.200","01:18:42.500","hw","u","50"
"20001","20","1","1","10","pc","1","pc","00:06:34.200","00:06:52.300","hw","u","50"
"20002","20","2","2","10","pc","1","pc","00:10:56.200","00:13:08.100","hw","u","40"
"20003","20","3","3","10","pc","1","pc","00:14:46.300","00:15:01.700","is","u","55"
"20004","20","4","4","10","pc","1","pc","00:17:30.400","00:19:17.400","is","u","55"
"20005","20","5","5","10","pc","1","pc","00:19:17.500","00:19:53.900","aw","u","55"
"20006","20","6","6","0","pc","10","pc","00:19:53.600","00:20:18.800","aw","u","55"
"20007","20","7","7","10","pc","1","pc","00:20:03.500","00:20:02.400","aw","u","55"
"20008","20","8","8","10","pc","1","pc","00:20:23.500","00:20:33.700","tz","u","55"
"20009","20","9","9","10","pc","1","pc","00:20:33.800","00:22:43.700","wz1","u","45"
"20010","20","10","10","10","pc","1","pc","00:22:43.800","00:22:47.100","is","u","55"
"20011","20","11","11","0","pc","10","pc","00:20:33.800","00:22:26.400","wz1","u","45"
"20012","20","12","12","0","pc","10","pc","00:22:36.300","00:22:43.700","wz1","u","45"
"20013","20","13","13","0","pc","10","pc","00:22:43.800","00:23:08.500","is","u","55"
"20014","20","14","14","10","pc","1","pc","00:24:00.800","00:24:59.900","is","u","55"
"20015","20","15","15","0","pc","10","pc","00:25:39.100","00:25:59.100","is","u","55"
"20016","20","16","16","0","pc","10","pc","00:32:36.800","00:33:01.900","is","u","55"
"20017","20","17","17","10","pc","1","pc","00:34:33.200","00:35:00.100","is","u","55"
"20018","20","18","18","0","pc","10","pc","00:34:44.100","00:35:02.200","is","u","55"
"20019","20","19","19","0","pc","10","pc","00:35:09.500","00:36:55.400","is","u","55"
"20020","20","20","20","10","pc","1","pc","00:35:54.000","00:36:20.100","is","u","55"
"20021","20","21","21","10","pc","1","pc","00:38:59.200","00:47:04.900","aw","c","55"
"20022","20","22","22","10","pc","1","pc","00:47:05.000","00:48:38.500","wz2","c","55"
"20023","20","23","23","10","pc","1","pc","00:48:38.600","00:51:18.800","is","c","55"
"20024","20","24","24","10","pc","1","pc","00:51:18.900","00:52:53.000","aw","c","55"
"20025","20","25","25","10","pc","1","pc","00:52:53.100","00:54:00.400","tz","c","55"
"20026","20","26","26","10","pc","1","pc","00:54:00.500","00:56:06.800","wz1","c","45"
"20027","20","27","27","0","pc","10","pc","00:38:59.200","00:42:19.600","aw","c","55"
"20028","20","28","28","0","pc","10","pc","00:42:27.200","00:47:04.900","aw","c","55"
"20029","20","29","29","0","pc","10","pc","00:47:05.000","00:48:38.500","wz2","c","55"
"20030","20","30","30","0","pc","10","pc","00:48:38.600","00:51:18.800","is","c","55"
"20031","20","31","31","0","pc","10","pc","00:51:18.900","00:52:53.000","aw","c","55"
"20032","20","32","32","0","pc","10","pc","00:52:53.100","00:53:57.100","tz","c","55"
"20033","20","33","33","0","pc","10","pc","00:54:17.100","00:56:13.100","wz1","c","45"
"20034","20","34","34","0","pc","10","pc","00:56:13.200","00:57:22.400","is","u","55"
"20035","20","35","35","0","pc","10","pc","01:06:39.600","01:08:10.500","hw","u","50"
"20036","20","36","36","10","pc","1","pc","01:06:56.800","01:11:04.000","hw","u","50"
"22001","22","1","1","10","pc","1","pc","00:05:10.900","00:06:09.300","hw","u","50"
"22002","22","2","2","0","pc","10","pc","00:06:40.300","00:09:02.100","hw","c","50"
"22003","22","3","3","10","pc","1","pc","00:06:40.300","00:13:44.800","hw","c","50"
"22004","22","4","4","10","pc","1","pc","00:13:44.900","00:14:13.100","hw","c","40"
"22005","22","5","5","0","pc","10","pc","00:09:07.300","00:13:44.800","hw","c","50"
"22006","22","6","6","0","pc","10","pc","00:13:44.900","00:14:13.100","hw","c","40"
"22007","22","7","7","10","pc","1","pc","00:14:19.900","00:24:24.500","hw","c","40"
"22008","22","8","8","0","pc","10","pc","00:14:26.300","00:23:24.500","hw","c","40"
"22009","22","9","9","0","pc","10","pc","00:23:31.900","00:23:48.100","hw","c","40"
"22010","22","10","10","10","pc","1","pc","00:24:49.100","00:25:47.400","hw","c","40"
"22011","22","11","11","0","pc","10","pc","00:24:58.400","00:26:37.100","hw","c","40"
"22012","22","12","12","10","pc","1","pc","00:27:08.200","00:27:40.000","hw","c","40"
"22013","22","13","13","10","pc","1","pc","00:27:51.900","00:28:01.990","hw","c","40"
"22014","22","14","14","0","pc","10","pc","00:27:56.700","00:28:30.100","hw","c","40"
"22015","22","15","15","10","pc","1","pc","00:28:39.200","00:28:54.400","hw","c","40"
"22016","22","16","16","0","pc","10","pc","00:31:39.400","00:32:19.600","is","u","55"
"22017","22","17","17","10","pc","1","pc","00:39:55.300","00:40:15.400","is","u","55"
"22018","22","18","18","10","pc","1","pc","00:49:06.300","00:49:35.100","is","u","55"
"22019","22","19","19","10","pc","1","pc","00:49:35.200","00:50:13.300","is","c","55"
"22020","22","20","20","0","pc","10","pc","00:49:35.200","00:50:13.300","is","c","55"
"22021","22","21","21","0","pc","10","pc","00:50:35.500","00:54:12.100","is","c","55"
"22022","22","22","22","10","pc","1","b","00:51:27.700","00:55:34.000","is","c","55"
"22023","22","23","23","0","pc","10","pc","00:54:24.900","00:55:34.000","is","c","55"
"22024","22","24","24","10","pc","1","pc","00:54:37.600","00:55:34.600","is","c","55"
"22025","22","25","25","0","pc","10","pc","00:55:35.200","00:56:36.200","is","c","55"
"22026","22","26","26","0","pc","10","pc","00:56:36.300","00:58:16.300","is","u","55"
"22027","22","27","27","10","pc","1","pc","00:55:37.000","00:56:03.500","is","c","55"
"22028","22","28","28","0","pc","10","pc","00:59:25.100","00:59:30.000","is","u","55"
"22029","22","29","29","0","pc","10","pc","00:59:30.100","00:59:59.900","is","c","55"
"22030","22","30","30","10","pc","1","pc","00:59:42.700","01:01:08.600","aw","c","55"
"22031","22","31","31","0","pc","10","pc","01:00:44.900","01:01:57.800","is","c","55"
"22032","22","32","32","0","pc","10","pc","01:01:57.900","01:02:41.900","aw","c","55"
"22033","22","33","33","0","pc","10","pc","01:02:42.000","01:03:18.000","wz2","c","55"
"22034","22","34","34","0","pc","10","pc","01:03:18.100","01:03:43.200","wz2","u","55"
"22035","22","35","35","0","pc","10","pc","01:03:43.300","01:04:20.700","is","u","55"
"22036","22","36","36","0","pc","10","pc","01:04:20.800","01:04:25.100","is","c","55"
"22037","22","37","37","10","pc","1","pc","01:02:49.600","01:03:14.300","wz2","c","55"
"22038","22","38","38","10","pc","1","pc","01:05:32.400","01:05:50.800","tz","c","55"
"22039","22","39","39","10","pc","1","pc","01:05:50.900","01:05:58.100","wz1","c","45"
"22040","22","40","40","10","pc","1","pc","01:05:58.200","01:06:48.600","is","c","55"
"22041","22","41","41","0","pc","10","pc","01:05:50.900","01:05:58.100","wz1","c","45"
"22042","22","42","42","0","pc","10","pc","01:05:58.200","01:06:39.400","is","c","55"
"22043","22","43","43","0","pc","10","pc","01:06:53.900","01:07:06.300","is","c","55"
"22044","22","44","44","0","pc","10","pc","01:07:06.400","01:07:11.000","is","u","55"
"22045","22","45","45","0","pc","10","pc","01:08:53.800","01:09:19.700","is","u","55"
"22046","22","46","46","0","pc","10","pc","01:09:19.800","01:13:03.000","is","c","55"
"22047","22","47","47","10","pc","1","pc","01:08:58.400","01:09:19.700","is","u","55"
"22048","22","48","48","10","pc","1","pc","01:09:19.800","01:12:25.200","is","c","55"
"22049","22","49","49","0","pc","10","pc","01:13:14.500","01:14:39.200","is","c","55"
"22050","22","50","50","10","pc","1","pc","01:13:20.700","01:14:03.500","is","c","55"
"22051","22","51","51","10","pc","1","pc","01:14:22.100","01:14:39.200","is","c","55"
"22052","22","52","52","0","pc","10","pc","01:14:47.200","01:15:35.700","is","c","55"
"22053","22","53","53","10","pc","1","pc","01:14:47.200","01:15:16.100","is","c","55"
"22054","22","54","54","0","pc","10","pc","01:17:36.900","01:17:47.900","hw","c","45"
"22055","22","55","55","0","pc","10","pc","01:17:59.300","01:18:33.100","hw","c","45"
"22056","22","56","56","10","pc","1","pc","01:18:02.200","01:18:55.700","hw","c","45"
"22057","22","57","57","0","pc","10","pc","01:18:40.900","01:20:57.500","hw","c","45"
"22058","22","58","58","0","pc","10","pc","01:22:16.100","01:23:00.600","hw","c","45"
"22059","22","59","59","0","pc","10","pc","01:24:45.300","01:25:41.900","hw","u","40"
"22060","22","60","60","10","pc","1","pc","01:25:10.800","01:25:41.900","hw","u","40"
"22061","22","61","61","10","pc","1","pc","01:30:04.800","01:30:28.800","hw","u","50"
"22062","22","62","62","10","pc","1","pc","01:31:06.600","01:31:55.900","hw","u","50"
"23001","23","1","1","10","pc","1","pc","00:03:37.100","00:04:29.600","hw","u","50"
"23002","23","2","2","10","pc","1","pc","00:08:08.000","00:08:27.500","hw","u","50"
"23003","23","3","3","0","pc","10","pc","00:11:08.200","00:11:24.600","hw","u","40"
"23004","23","4","4","10","pc","1","pc","00:19:25.100","00:20:08.800","aw","u","55"
"23005","23","5","4","10","pc","1","pc","00:20:08.900","00:20:36.600","wz2","u","55"
"23006","23","6","5","10","pc","1","pc","00:22:27.300","00:23:12.800","is","u","55"
"23007","23","7","6","10","pc","1","pc","00:23:39.300","00:24:30.200","is","u","55"
"23008","23","8","7","0","pc","10","pc","00:23:52.900","00:24:23.500","is","u","55"
"23009","23","9","8","10","pc","1","pc","00:25:00.200","00:27:19.960","is","u","55"
"23010","23","10","9","10","pc","1","pc","00:33:43.380","00:36:56.300","is","u","55"
"23011","23","11","10","0","pc","10","pc","00:33:49.070","00:34:10.370","is","u","55"
"23012","23","12","11","10","pc","1","pc","00:38:18.060","00:39:05.020","aw","u","55"
"23013","23","13","12","0","pc","10","pc","00:39:27.450","00:39:48.330","wz2","u","55"
"23014","23","14","13","0","pc","10","pc","00:41:06.680","00:41:28.400","is","u","55"
"23015","23","15","14","0","pc","10","pc","00:43:10.230","00:43:24.990","is","u","55"
"23016","23","16","15","0","pc","10","pc","00:43:37.210","00:43:55.220","is","u","55"
"23017","23","17","16","0","pc","10","pc","00:47:48.150","00:47:53.310","hw","u","45"
"23018","23","18","16","0","pc","10","pc","00:47:53.320","00:48:06.740","hw","c","45"
"23019","23","19","17","10","pc","1","pc","00:49:49.830","00:50:12.650","hw","u","40"
"23020","23","20","18","10","pc","1","pc","00:53:31.200","00:57:26.580","hw","u","50"
"24001","24","1","1","10","pc","1","pc","00:06:20.970","00:07:36.580","hw","u","50"
"24002","24","2","2","10","pc","1","pc","00:11:10.740","00:11:51.620","hw","u","40"
"24003","24","3","3","10","pc","1","pc","00:14:25.020","00:15:06.330","hw","u","45"
"24004","24","4","4","10","pc","1","pc","00:16:32.210","00:17:17.370","is","u","55"
"24005","24","5","5","10","pc","1","pc","00:17:20.930","00:17:54.470","is","u","55"
"24006","24","6","6","10","pc","1","pc","00:21:42.900","00:22:03.110","aw","u","55"
"24007","24","7","6","10","pc","1","pc","00:22:03.120","00:22:14.500","tz","u","55"
"24008","24","8","7","10","pc","1","pc","00:25:08.080","00:25:39.090","is","u","55"
"24009","24","9","8","0","b","10","pc","00:33:47.970","00:33:56.990","is","c","55"
"24010","24","10","8","0","b","10","pc","00:33:57.000","00:34:09.100","aw","c","55"
"24011","24","11","9","10","pc","1","pc","00:33:47.970","00:33:56.990","is","c","55"
"24012","24","12","9","10","pc","1","pc","00:33:57.000","00:34:09.100","aw","c","55"
"24013","24","13","10","10","pc","1","pc","00:34:12.910","00:34:51.910","aw","c","55"
"24014","24","14","11","0","pc","10","pc","00:34:16.380","00:34:52.990","aw","c","55"
"24015","24","15","11","0","pc","10","pc","00:34:53.000","00:35:05.110","wz2","c","55"
"24016","24","16","12","10","pc","1","pc","00:35:13.290","00:35:27.210","wz2","c","55"
"24017","24","17","13","0","pc","10","pc","00:35:47.260","00:38:29.250","is","c","55"
"24018","24","18","14","10","pc","1","pc","00:36:06.910","00:39:08.220","is","c","55"
"24019","24","19","15","0","pc","10","pc","00:38:48.810","00:39:47.230","is","c","55"
"24020","24","20","16","10","pc","1","pc","00:39:17.060","00:40:33.530","is","c","55"
"24021","24","21","16","10","pc","1","pc","00:40:33.540","00:40:43.250","is","u","55"
"24022","24","22","17","10","pc","1","pc","00:43:12.140","00:43:45.370","is","u","55"
"24023","24","23","18","10","pc","1","pc","00:45:42.940","00:47:23.110","is","c","55"
"24024","24","24","19","0","pc","10","pc","00:46:11.100","00:47:09.920","is","c","55"
"24025","24","25","20","10","pc","1","pc","00:47:52.990","00:48:01.260","is","c","55"
"24026","24","26","20","10","pc","1","pc","00:48:01.270","00:49:41.280","aw","c","55"
"24027","24","27","21","0","pc","10","pc","00:48:22.510","00:49:06.570","aw","c","55"
"24028","24","28","22","0","pc","10","pc","00:50:18.130","00:50:49.760","aw","c","55"
"24029","24","29","23","0","pc","10","pc","00:51:21.980","00:51:49.630","aw","c","55"
"24030","24","30","23","0","pc","10","pc","00:51:49.640","00:51:55.540","wz2","c","55"
"24031","24","31","24","0","pc","10","pc","00:52:14.360","00:53:20.780","is","c","55"
"24032","24","32","25","0","pc","10","pc","00:54:22.150","00:55:16.210","aw","c","55"
"24033","24","33","26","0",,"10","pc","00:55:57.040","00:57:09.510","tz","c","55"
"24034","24","34","27","10","pc","1","pc","00:56:13.410","00:57:19.580","tz","c","55"
"24035","24","35","27","10","pc","1","pc","00:57:19.590","00:57:37.190","wz1","c","45"
"24036","24","36","27","10","pc","1","pc","00:57:37.200","00:57:58.110","wz1","u","45"
"24037","24","37","27","10","pc","1","pc","00:57:58.120","00:59:18.780","is","u","55"
"24038","24","38","28","10","pc","1","pc","01:00:01.550","01:00:28.270","is","u","55"
"24039","24","39","29","10","pc","1","pc","01:06:17.870","01:07:00.920","hw","u","40"
"24040","24","40","30","10","pc","1","pc","01:11:33.960","01:12:46.540","hw","u","50"
"25001","25","1","1","10","pc","1","pc","00:08:37.760","00:09:05.900","hw","u","45"
"25002","25","2","2","0","pc","10","pc","00:08:59.640","00:09:14.430","hw","u","45"
"25003","25","3","3","0","pc","10","pc","00:13:42.790","00:14:46.560","is","u","55"
"25004","25","4","4","10","pc","1","pc","00:13:42.790","00:14:18.960","is","u","55"
"25005","25","5","5","0","pc","10","pc","00:14:52.270","00:15:26.710","is","u","55"
"25006","25","6","6","10","pc","1","pc","00:15:49.690","00:17:05.940","is","u","55"
"25007","25","7","7","0","pc","10","pc","00:16:53.620","00:17:58.180","is","u","55"
"25008","25","8","8","0","pc","10","pc","00:18:15.350","00:18:45.510","is","u","55"
"25009","25","9","8","0","pc","10","pc","00:18:45.520","00:19:32.430","aw","u","55"
"25010","25","10","8","0","pc","10","pc","00:19:32.440","00:19:49.640","wz2","u","55"
"25011","25","11","8","0","pc","10","pc","00:19:49.650","00:20:06.470","is","u","55"
"25012","25","12","8","0","pc","10","pc","00:20:06.480","00:20:20.970","aw","u","55"
"25013","25","13","8","0","pc","10","pc","00:20:20.980","00:20:31.640","tz","u","55"
"25014","25","14","8","0","pc","10","pc","00:20:31.650","00:20:39.340","wz1","u","55"
"25015","25","15","9","10","pc","1","pc","00:18:20.530","00:18:37.470","is","u","55"
"25016","25","16","10","10","pc","1","hv","00:20:46.480","00:21:50.180","is","u","55"
"25017","25","17","11","0","pc","10","pc","00:26:01.760","00:28:21.560","is","u","55"
"25018","25","18","12","0","pc","10","pc","00:34:00.800","00:34:10.340","wz2","u","55"
"25019","25","19","12","0","pc","10","pc","00:34:10.350","00:34:31.240","is","u","55"
"25020","25","20","13","10","pc","1","pc","00:34:14.960","00:34:56.920","is","u","55"
"25021","25","21","14","0","pc","10","pc","00:36:23.450","00:36:50.900","is","u","55"
"25022","25","22","15","10","pc","1","pc","00:37:59.750","00:38:20.180","aw","u","55"
"25023","25","23","16","0","pc","10","pc","00:39:13.280","00:40:21.590","is","u","55"
"25024","25","24","17","0","pc","10","pc","00:40:26.080","00:41:47.140","is","u","55"
"25025","25","25","18","10","pc","1","pc","00:40:49.730","00:41:21.240","is","u","55"
"25026","25","26","19","0","pc","10","pc","00:43:50.050","00:44:41.340","is","u","55"
"25027","25","27","20","10","pc","1","pc","00:54:48.580","00:56:03.730","hw","u","50"
"26001","26","1","1","10","pc","1","pc","00:07:30.470","00:15:44.500","hw","c","50"
"26002","26","2","1","10","pc","1","pc","00:15:44.510","00:21:44.650","hw","c","40"
"26003","26","3","2","0","pc","10","pc","00:07:46.090","00:15:44.500","hw","c","50"
"26004","26","4","2","0","pc","10","pc","00:15:44.510","00:21:44.650","hw","c","40"
"26005","26","5","3","10","pc","1","pc","00:22:00.020","00:22:29.210","hw","u","40"
"26006","26","6","4","0","pc","10","pc","00:29:58.530","00:30:30.350","is","u","55"
"26007","26","7","5","10","pc","1","pc","00:30:30.350","00:31:38.210","is","u","55"
"26008","26","8","6","0","hv","10","pc","00:34:10.060","00:34:26.330","is","u","55"
"26009","26","9","7","0","hv","10","pc","00:35:09.930","00:35:51.470","is","u","55"
"26010","26","10","8","0","pc","10","pc","00:45:44.110","00:46:34.490","is","u","55"
"26011","26","11","9","0","pc","10","pc","01:01:06.740","01:02:37.830","hw","c","45"
"26012","26","12","10","10","pc","1","pc","01:01:33.090","01:05:24.450","hw","c","45"
"26013","26","13","11","10","pc","1","pc","01:03:59.140","01:05:24.450","hw","u","40"
"26014","26","14","12","0","pc","10","pc","01:06:09.210","01:07:10.300","hw","u","40"
"26015","26","15","12","0","pc","10","pc","01:07:10.310","01:11:25.210","hw","u","50"
"27001","27","1","1","10","pc","1","pc","00:03:24.790","00:04:17.840","hw","u","50"
"27002","27","2","2","10","pc","1","pc","00:09:55.400","00:10:45.290","hw","u","40"
"27003","27","3","3","10","pc","1","pc","00:11:44.850","00:13:01.940","hw","u","40"
"27004","27","4","4","10","pc","1","pc","00:19:20.450","00:21:24.720","is","u","55"
"27005","27","5","5","10","pc","1","pc","00:21:48.720","00:23:03.410","is","u","55"
"27006","27","6","6","10","pc","1","pc","00:23:17.510","00:23:46.390","is","u","55"
"27007","27","7","7","10","pc","1","hv","00:26:20.440","00:28:33.610","is","u","55"
"27008","27","8","8","10","pc","1","hv","00:36:56.410","00:37:25.540","is","u","55"
"27009","27","9","9","10","pc","1","pc","00:39:32.580","00:40:55.700","is","u","55"
"27010","27","10","10","10","pc","1","pc","00:41:09.400","00:42:12.240","is","u","55"
"27011","27","11","11","0","pc","10","pc","00:43:00.690","00:43:59.930","aw","c","55"
"27012","27","12","12","10","pc","1","pc","00:43:14.600","00:44:10.870","aw","c","55"
"27013","27","13","13","0","pc","10","pc","00:43:59.940","00:45:18.790","aw","c","55"
"27014","27","14","13","0","pc","10","pc","00:45:18.800","00:48:28.160","is","c","55"
"27015","27","15","13","0","pc","10","pc","00:48:28.170","00:49:38.930","aw","c","55"
"27016","27","16","14","10","pc","1","pc","00:44:20.690","00:45:18.790","aw","c","55"
"27017","27","17","14","10","pc","1","pc","00:45:18.800","00:47:51.850","is","c","55"
"27018","27","18","15","0","pc","10","pc","00:50:08.730","00:51:59.460","wz2","c","55"
"27019","27","19","15","0","pc","10","pc","00:51:59.470","00:52:43.730","is","c","55"
"27020","27","20","16","10","pc","1","pc","00:50:08.730","00:51:59.460","wz2","c","55"
"27021","27","21","16","10","pc","1","pc","00:51:59.470","00:52:43.730","is","c","55"
"27022","27","22","17","0","pc","10","pc","00:52:51.160","00:53:18.600","is","c","55"
"27023","27","23","18","0","pc","10","pc","00:53:42.450","00:54:09.440","aw","c","55"
"27024","27","24","19","10","pc","1","pc","00:53:42.450","00:55:10.410","aw","c","55"
"27025","27","25","20","0","pc","10","pc","00:54:23.440","00:55:10.440","aw","c","55"
"27026","27","26","21","10","pc","1","pc","00:56:11.520","00:56:43.820","tz","c","55"
"27027","27","27","22","0","hv","10","pc","00:56:21.130","00:56:43.820","tz","c","55"
"27028","27","28","23","0","pc","10","pc","00:56:57.220","00:59:36.770","wz1","c","55"
"27029","27","29","24","10","pc","1","pc","00:56:57.220","01:00:06.080","wz1","c","55"
"27030","27","30","25","10","pc","1","pc","01:09:12.610","01:10:13.140","hw","u","50"
"27031","27","31","26","10","pc","1","pc","01:10:58.530","01:13:18.050","hw","u","50"
"27032","27","32","27","0","pc","10","pc","01:11:37.040","01:13:52.760","hw","u","50"
"27033","27","33","28","10","pc","1","pc","01:13:42.840","01:14:45.750","hw","u","50"
"28001","28","1","1","10","pc","1","pc","00:08:54.370","00:09:35.000","hw","u","50"
"28002","28","2","1","10","pc","1","pc","00:09:35.010","00:11:36.450","hw","u","40"
"28003","28","3","2","10","pc","1","pc","00:19:20.000","00:20:09.160","is","u","55"
"28004","28","4","3","10","pc","1","pc","00:20:41.890","00:21:40.320","is","u","55"
"28005","28","5","4","0","pc","10","pc","00:22:12.750","00:22:31.440","tz","c","55"
"28006","28","6","4","0","pc","10","pc","00:22:31.450","00:23:06.840","wz1","c","55"
"28007","28","7","5","10","pc","1","pc","00:22:14.800","00:22:31.440","tz","c","55"
"28008","28","8","5","10","pc","1","pc","00:22:31.450","00:23:08.450","wz1","c","55"
"28009","28","9","6","10","pc","1","pc","00:28:16.160","00:30:04.490","is","u","55"
"28010","28","10","7","0","pc","10","pc","00:29:12.520","00:30:39.770","is","u","55"
"28011","28","11","8","10","pc","1","pc","00:30:12.380","00:30:39.770","is","u","55"
"28012","28","12","9","0","b","10","pc","00:40:50.330","00:44:29.980","aw","c","55"
"28013","28","13","10","10","pc","1","pc","00:41:14.930","00:44:29.980","aw","c","55"
"28014","28","14","10","10","pc","1","pc","00:44:29.990","00:44:45.810","tz","c","56"
"28015","28","15","10","10","pc","1","pc","00:44:45.820","00:47:36.150","wz1","c","57"
"28016","28","16","10","10","pc","1","pc","00:47:36.160","00:48:35.710","aw","c","58"
"28017","28","17","10","10","pc","1","pc","00:48:35.720","00:49:32.750","wz2","c","59"
"28018","28","18","10","10","pc","1","pc","00:49:32.760","00:53:43.220","is","c","60"
"28019","28","19","10","10","pc","1","pc","00:53:43.230","00:53:55.630","aw","c","61"
"28020","28","20","11","0","pc","10","pc","00:44:39.360","00:44:45.810","tz","c","55"
"28021","28","21","11","0","pc","10","pc","00:44:45.820","00:46:44.870","wz1","c","55"
"28022","28","22","12","0","pc","10","pc","00:47:09.610","00:47:33.290","wz1","c","55"
"28023","28","23","13","0","pc","10","pc","00:47:55.810","00:48:35.710","aw","c","55"
"28024","28","24","13","0","pc","10","pc","00:48:35.720","00:49:32.750","wz2","c","55"
"28025","28","25","13","0","pc","10","pc","00:49:32.760","00:52:43.220","is","c","55"
"28026","28","26","13","0","pc","10","pc","00:52:43.230","00:53:41.190","aw","c","55"
"28027","28","27","14","0","hv","10","pc","00:53:42.190","00:55:08.680","aw","c","55"
"28028","28","28","15","0","hv","10","pc","00:55:35.750","00:58:35.980","tz","c","55"
"28029","28","29","16","10","pc","1","pc","00:55:58.590","00:58:30.640","tz","c","55"
"28030","28","30","17","0","pc","10","pc","00:58:54.680","01:00:19.170","wz1","c","55"
"28031","28","31","17","0","pc","10","pc","01:00:19.180","01:02:01.680","is","c","55"
"28032","28","32","18","10","pc","1","pc","00:58:54.680","01:00:19.170","wz1","c","55"
"28033","28","33","18","10","pc","1","pc","01:00:19.180","01:00:25.350","is","c","55"
"28034","28","34","19","10","pc","1","pc","01:01:58.250","01:02:15.000","is","u","55"
"28035","28","35","20","10","pc","1","pc","01:02:43.210","01:03:35.830","is","u","55"
"28036","28","36","21","10","pc","1","pc","01:07:52.400","01:08:35.480","hw","u","40"
"28037","28","37","22","10","pc","1","pc","01:09:07.740","01:09:41.830","hw","u","40"
"28038","28","38","23","10","pc","1","pc","01:10:40.570","01:13:24.120","hw","u","40"
"28039","28","39","24","10","pc","1","pc","01:14:19.710","01:15:04.670","hw","u","50"
"29001","29","1","1","0","pc","10","pc","00:08:25.260","00:11:49.280","hw","u","40"
"29002","29","2","2","10","pc","1","pc","00:11:31.070","00:11:49.280","hw","u","40"
"29003","29","3","3","10","pc","1","pc","00:15:51.850","00:19:07.400","is","u","55"
"29004","29","4","4","10","pc","1","pc","00:19:35.380","00:20:13.250","is","u","55"
"29005","29","5","5","0","pc","10","pc","00:20:34.900","00:20:55.490","tz","c","55"
"29006","29","6","5","0","pc","10","pc","00:20:55.500","00:21:05.490","wz1","c","55"
"29007","29","7","6","10","pc","1","pc","00:20:44.840","00:20:55.490","tz","c","55"
"29008","29","8","6","10","pc","1","pc","00:20:55.500","00:21:05.490","wz1","c","55"
"29009","29","9","7","10","pc","1","pc","00:21:41.660","00:22:30.410","wz1","c","55"
"29010","29","10","8","0","pc","10","pc","00:21:48.830","00:22:21.790","wz1","c","55"
"29011","29","11","9","10","pc","1","pc","00:24:21.730","00:24:50.740","is","u","55"
"29012","29","12","10","10","pc","1","pc","00:25:12.740","00:26:39.580","is","u","55"
"29013","29","13","11","10","pc","1","pc","00:27:09.510","00:28:45.030","is","u","55"
"29014","29","14","12","0","pc","10","pc","00:27:57.110","00:29:18.690","is","u","55"
"29015","29","15","13","10","pc","1","pc","00:32:47.410","00:33:13.300","wz2","c","55"
"29016","29","16","13","10","pc","1","pc","00:33:13.310","00:34:09.710","is","c","55"
"29017","29","17","14","0","pc","10","pc","00:33:03.280","00:33:13.300","wz2","c","55"
"29018","29","18","14","0","pc","10","pc","00:33:13.310","00:34:09.710","is","c","55"
"29019","29","19","15","0","pc","10","pc","00:34:24.240","00:36:04.320","is","c","55"
"29020","29","20","16","10","pc","1","pc","00:34:48.180","00:36:32.460","is","c","55"
"29021","29","21","17","0","pc","10","pc","00:36:29.470","00:36:58.090","is","u","55"
"29022","29","22","18","0","pc","10","pc","00:37:07.080","00:37:40.510","is","c","55"
"29023","29","23","18","0","pc","10","pc","00:37:40.520","00:38:26.260","aw","c","55"
"29024","29","24","18","0","pc","10","pc","00:38:26.270","00:39:05.270","aw","u","55"
"29025","29","25","18","0","pc","10","pc","00:39:05.280","00:39:31.330","wz2","u","55"
"29026","29","26","18","0","pc","10","pc","00:39:31.340","00:39:28.120","is","u","55"
"29027","29","27","19","10","pc","1","pc","00:38:26.270","00:39:04.240","aw","u","55"
"29028","29","28","20","0","pc","10","pc","00:42:23.780","00:42:51.360","is","u","55"
"29029","29","29","20","0","pc","10","pc","00:42:51.370","00:43:24.760","is","c","55"
"29030","29","30","21","10","pc","1","pc","00:43:18.740","00:43:23.100","is","c","55"
"29031","29","31","21","10","pc","1","pc","00:43:23.110","00:46:21.380","aw","c","55"
"29032","29","32","22","0","pc","10","pc","00:43:54.640","00:49:33.250","aw","c","55"
"29033","29","33","23","0","pc","10","pc","00:49:56.180","00:50:11.110","wz2","c","55"
"29034","29","34","23","0","pc","10","pc","00:50:11.120","00:51:48.530","is","c","55"
"29035","29","35","24","10","pc","1","pc","00:50:29.450","00:52:42.210","is","c","55"
"29036","29","36","25","10","pc","1","pc","00:58:08.920","01:00:36.530","tz","c","55"
"29037","29","37","26","0","pc","10","pc","01:01:03.740","01:01:44.070","wz1","c","55"
"29038","29","38","26","0","pc","10","pc","01:01:44.080","01:02:28.820","wz1","u","55"
"29039","29","39","27","10","pc","1","pc","01:01:03.740","01:01:44.070","wz1","c","55"
"29040","29","40","27","10","pc","1","pc","01:01:44.080","01:02:14.900","wz1","u","55"
"29041","29","41","28","10","pc","1","pc","01:04:04.590","01:04:47.740","is","u","55"
"29042","29","42","29","0","pc","10","pc","01:05:00.860","01:05:26.870","is","u","55"
"29043","29","43","30","0","pc","10","pc","01:11:23.150","01:11:44.490","hw","u","50"
"29044","29","44","31","10","pc","1","pc","01:12:16.540","01:13:29.620","hw","u","50"
"29045","29","45","32","0","pc","10","pc","01:13:47.540","01:14:45.810","hw","u","50"
"29046","29","46","33","10","pc","1","pc","01:13:47.540","01:15:11.430","hw","u","50"
"29047","29","47","34","10","pc","1","pc","01:16:13.540","01:16:35.400","hw","u","50"
"31001","31","1","1","10","pc","1","pc","00:03:34.900","00:03:41.700","hw","u","45"
"31002","31","2","2","10","pc","1","pc","00:04:12.900","00:04:38.300","hw","u","45"
"31003","31","3","3","10","pc","1","pc","00:05:17.800","00:05:29.000","hw","u","45"
"31004","31","4","4","0","pc","10","pc","00:11:27.800","00:11:41.300","is","u","55"
"31005","31","5","5","10","pc","1","pc","00:15:04.100","00:15:30.200","is","u","55"
"31006","31","6","6","10","pc","1","pc","00:16:06.000","00:16:12.300","is","u","55"
"31007","31","7","7","0","pc","10","pc","00:18:25.200","00:18:35.500","is","u","55"
"31008","31","8","8","10","pc","1","pc","00:18:44.900","00:19:49.800","is","u","55"
"31009","31","9","9","10","pc","1","pc","00:19:11.300","00:19:23.300","is","u","55"
"31010","31","10","10","10","pc","1","pc","00:19:33.800","00:19:45.000","is","u","55"
"31011","31","11","11","10","pc","1","pc","00:19:46.600","00:19:56.500","is","u","55"
"31012","31","12","12","0","pc","10","pc","00:19:56.500","00:20:42.400","is","u","55"
"31013","31","13","13","0","pc","10","pc","00:20:26.800","00:20:42.400","is","u","55"
"31014","31","14","14","10","pc","1","pc","00:20:26.800","00:20:42.400","hw","u","45"
"31015","31","15","15","0","pc","10","pc","00:20:26.800","00:20:42.400","hw","u","45"
"31016","31","16","16","10","pc","1","pc","00:20:42.400","00:21:12.900","hw","u","45"
"31017","31","17","17","10","pc","1","pc","00:21:03.500","00:21:12.900","hw","u","45"
"31018","31","18","18","0","pc","10","pc","00:21:03.500","00:21:46.100","hw","u","45"
"31019","31","19","19","10","pc","1","pc","00:21:46.100","00:21:51.200","hw","u","45"
"31020","31","20","20","10","pc","1","pc","00:23:46.900","00:24:24.400","is","u","55"
"31021","31","21","21","10","pc","1","pc","00:26:31.000","00:26:49.400","is","u","55"
"31022","31","22","22","10","pc","1","pc","00:26:56.500","00:27:49.900","is","u","55"
"31023","31","23","23","0","pc","10","pc","00:27:19.300","00:27:33.200","is","u","55"
"31024","31","24","24","10","pc","1","pc","00:27:57.300","00:28:13.300","is","u","55"
"31025","31","25","25","0","pc","10","pc","00:28:33.000","00:28:53.100","is","u","55"
"31026","31","26","26","10","pc","1","pc","00:28:33.000","00:29:45.900","is","u","55"
"31027","31","27","27","0","pc","10","pc","00:29:45.900","00:29:55.900","is","u","55"
"31028","31","28","28","10","pc","1","pc","00:31:22.900","00:31:26.900","is","u","55"
"31029","31","29","29","10","pc","1","pc","00:34:33.700","00:35:02.500","is","u","55"
"31030","31","30","30","0","pc","10","pc","00:37:17.900","00:37:30.200","is","u","55"
"31031","31","31","31","10","pc","1","pc","00:38:23.100","00:38:36.700","is","u","55"
"31032","31","32","32","0","pc","10","pc","00:41:02.900","00:41:51.800","is","u","55"
"31033","31","33","33","10","pc","1","pc","00:44:05.000","00:45:27.500","is","u","55"
"31034","31","34","34","10","pc","1","pc","00:44:07.200","00:45:30.600","is","u","55"
"31035","31","35","35","10","pc","1","pc","00:45:27.500","00:46:19.900","is","u","55"
"31036","31","36","36","0","pc","10","pc","00:47:47.300","00:47:57.400","is","u","55"
"31037","31","37","37","10","pc","1","pc","00:47:57.400","00:48:21.900","is","u","55"
"31038","31","38","38","10","pc","1","pc","00:48:34.600","00:48:55.600","is","u","55"
"31039","31","39","39","10","pc","1","pc","00:48:55.600","00:49:26.900","is","u","55"
"31040","31","40","40","0","pc","10","pc","00:49:07.900","00:49:15.300","is","u","55"
"31041","31","41","41","0","pc","10","pc","00:49:15.300","00:49:22.500","is","u","55"
"31042","31","42","42","10","pc","1","pc","00:50:17.500","00:50:20.500","is","u","55"
"31043","31","43","43","0","pc","10","pc","00:50:27.900","00:50:31.400","is","u","55"
"31044","31","44","44","0","pc","10","pc","00:50:27.900","00:50:35.100","is","u","55"
"31045","31","45","45","10","pc","1","pc","00:50:40.400","00:50:59.800","hw","u","45"
"31046","31","46","46","10","pc","1","pc","00:53:33.300","00:54:25.900","hw","u","45"
"31047","31","47","47","0","pc","10","pc","00:53:33.300","00:54:37.200","hw","u","45"
"31048","31","48","48","10","pc","1","pc","00:56:58.600","00:57:29.000","hw","u","45"
"31049","31","49","49","0","pc","10","pc","00:57:22.700","00:57:29.000","hw","u","45"
"31050","31","50","50","10","pc","1","pc","00:58:09.900","00:58:29.900","hw","u","45"
"31051","31","51","51","0","pc","10","pc","00:58:40.600","00:58:56.700","hw","u","45"
"32001","32","1","1","10","pc","1","pc","00:03:03.200","00:03:49.000","hw","u","45"
"32002","32","2","2","10","pc","1","pc","00:03:49.000","00:04:04.300","hw","u","45"
"32003","32","3","3","10","pc","1","pc","00:04:12.200","00:05:07.400","hw","u","45"
"32004","32","4","4","10","pc","1","pc","00:05:56.800","00:06:22.000","hw","u","45"
"32005","32","5","5","10","pc","1","pc","00:06:39.200","00:08:09.100","hw","u","45"
"32006","32","6","6","0","pc","10","pc","00:08:09.100","00:08:21.300","hw","u","45"
"32007","32","7","7","10","pc","1","pc","00:08:09.100","00:09:05.000","hw","u","45"
"32008","32","8","8","10","pc","1","pc","00:09:30.700","00:09:42.000","hw","u","45"
"32009","32","9","9","10","pc","1","pc","00:09:51.800","00:10:31.400","hw","u","45"
"32010","32","10","10","10","pc","1","pc","00:13:24.600","00:13:31.200","is","u","55"
"32011","32","11","11","0","pc","10","pc","00:13:24.600","00:13:31.200","is","u","55"
"32012","32","12","12","0","pc","10","pc","00:13:59.200","00:14:29.100","is","u","55"
"32013","32","13","13","0","hv","10","pc","00:15:19.300","00:15:29.500","is","u","55"
"32014","32","14","14","0","pc","10","pc","00:17:23.300","00:17:30.700","is","u","55"
"32015","32","15","15","10","pc","1","pc","00:17:33.100","00:18:39.200","is","u","55"
"32016","32","16","16","0","pc","10","pc","00:18:21.900","00:18:31.600","is","u","55"
"32017","32","17","17","10","pc","1","pc","00:19:00.200","00:19:11.100","is","u","55"
"32018","32","18","18","10","pc","1","pc","00:19:45.100","00:20:00.600","is","u","55"
"32019","32","19","19","0","pc","10","pc","00:19:45.100","00:20:20.200","is","u","55"
"32020","32","20","20","10","pc","1","pc","00:21:29.700","00:21:51.500","is","u","55"
"32021","32","21","21","0","pc","10","pc","00:21:51.500","00:22:11.700","is","u","55"
"32022","32","22","22","10","pc","1","pc","00:21:51.500","00:22:11.700","is","u","55"
"32023","32","23","23","10","pc","1","pc","00:22:11.700","00:22:39.100","is","u","55"
"32024","32","24","24","0","pc","10","pc","00:22:18.800","00:24:10.300","is","u","55"
"32025","32","25","25","10","pc","1","pc","00:22:55.100","00:23:34.800","is","u","55"
"32026","32","26","26","0","pc","10","pc","00:24:17.900","00:24:39.100","is","u","55"
"32027","32","27","27","0","pc","10","pc","00:25:44.300","00:26:01.700","is","u","55"
"32028","32","28","28","0","pc","10","pc","00:28:28.900","00:29:06.000","is","u","55"
"32029","32","29","29","0","pc","10","pc","00:30:25.500","00:30:45.600","is","u","55"
"32030","32","30","30","10","pc","1","pc","00:30:45.600","00:30:56.400","is","u","55"
"32031","32","31","31","0","pc","10","pc","00:32:10.900","00:32:26.300","is","u","55"
"32032","32","32","32","0","pc","10","pc","00:32:26.300","00:32:32.000","is","u","55"
"32033","32","33","33","10","pc","1","pc","00:32:32.100","00:32:43.200","is","u","55"
"32034","32","34","34","10","pc","1","pc","00:32:58.300","00:33:53.500","is","u","55"
"32035","32","35","35","10","pc","1","pc","00:34:51.300","00:35:01.600","is","u","55"
"32036","32","36","36","10","pc","1","pc","00:35:13.000","00:35:58.800","is","u","55"
"32037","32","37","37","0","pc","10","pc","00:35:13.000","00:35:22.900","is","u","55"
"32038","32","38","38","0","pc","10","pc","00:34:46.100","00:35:52.600","is","u","55"
"32039","32","39","39","10","pc","1","pc","00:37:02.200","00:37:41.200","is","u","55"
"32040","32","40","40","10","pc","1","pc","00:37:31.000","00:37:49.200","is","u","55"
"32041","32","41","41","0","pc","10","pc","00:39:16.500","00:39:28.400","is","u","55"
"32042","32","42","42","10","pc","1","pc","00:36:16.500","00:39:50.500","is","u","55"
"32043","32","43","43","0","pc","10","pc","00:40:17.000","00:40:51.900","is","u","55"
"32044","32","44","44","10","pc","1","pc","00:40:47.400","00:40:57.500","is","u","55"
"32045","32","45","45","0","pc","10","pc","00:41:07.400","00:41:19.600","is","u","55"
"32046","32","46","46","0","pc","10","pc","00:41:35.000","00:41:46.800","is","u","55"
"32047","32","47","47","10","pc","1","pc","00:42:17.000","00:42:46.800","is","u","55"
"32048","32","48","48","10","pc","1","pc","00:42:53.000","00:43:20.200","hw","u","45"
"32049","32","49","49","10","pc","1","pc","00:44:43.540","00:44:49.900","hw","u","45"
"32050","32","50","50","10","pc","1","pc","00:45:16.300","00:45:44.100","hw","u","45"
"32051","32","51","51","0","pc","10","pc","00:46:06.100","00:47:51.200","hw","u","45"
"32052","32","52","52","10","pc","1","pc","00:46:16.000","00:47:46.600","hw","u","45"
"32053","32","53","53","10","pc","1","pc","00:47:51.200","00:48:19.900","hw","u","45"
"32054","32","54","54","0",,"10","pc","00:48:00.900","00:48:13.100","hw","u","45"
"32055","32","55","55","0","pc","10","pc","00:49:53.700","00:50:35.300","hw","u","45"
"32056","32","56","56","10","pc","1","pc","00:50:35.000","00:51:51.200","hw","u","45"
"32057","32","57","57","10","pc","1","pc","00:51:56.600","00:52:15.900","hw","u","45"
"34001","34","1","1","10","pc","1","pc","00:04:41.300","00:06:27.300","hw","u","45"
"34002","34","2","2","10","pc","1","pc","00:06:27.300","00:06:34.200","hw","u","45"
"34003","34","3","3","10","pc","1","pc","00:06:44.200","00:06:48.800","hw","u","45"
"34004","34","4","4","10","pc","1","pc","00:06:54.200","00:07:13.200","hw","u","45"
"34005","34","5","5","10","pc","1","pc","00:11:45.700","00:12:58.300","hw","u","45"
"34006","34","6","6","0","pc","10","pc","00:12:37.600","00:13:18.200","hw","u","45"
"34007","34","7","7","0","pc","10","pc","00:13:37.500","00:13:57.600","hw","u","45"
"34008","34","8","8","10","pc","1","pc","00:13:57.600","00:14:08.600","hw","u","45"
"34009","34","9","9","10","pc","1","pc","00:14:13.900","00:14:26.200","hw","u","45"
"34010","34","10","10","10","pc","1","pc","00:14:26.200","00:14:36.800","hw","u","45"
"34011","34","11","11","10","pc","1","pc","00:14:45.400","00:14:50.000","hw","u","45"
"34012","34","12","12","10","pc","1","pc","00:15:24.000","00:15:57.300","hw","u","45"
"34013","34","13","13","0","pc","10","pc","00:15:47.900","00:15:57.300","is","u","55"
"34014","34","14","14","10","pc","1","pc","00:16:08.700","00:16:51.400","is","u","55"
"34015","34","15","15","0","pc","10","pc","00:16:16.900","00:16:28.600","is","u","55"
"34016","34","16","16","0","hv","10","pc","00:17:02.900","00:17:20.300","is","u","55"
"34017","34","17","17","10","pc","1","pc","00:17:52.500","00:18:05.100","is","u","55"
"34018","34","18","18","10","pc","1","pc","00:18:45.300","00:19:16.500","is","u","55"
"34019","34","19","19","0","pc","10","pc","00:19:22.700","00:19:54.800","is","u","55"
"34020","34","20","20","10","pc","1","pc","00:19:25.500","00:19:40.600","is","u","55"
"34021","34","21","21","10","pc","1","pc","00:19:50.100","00:20:53.400","is","u","55"
"34022","34","22","22","0","pc","10","pc","00:20:38.200","00:21:00.700","is","u","55"
"34023","34","23","23","10","pc","1","pc","00:20:57.300","00:21:38.100","is","u","55"
"34024","34","24","24","0","pc","10","pc","00:21:38.100","00:22:02.100","is","u","55"
"34025","34","25","25","0","pc","10","pc","00:22:02.100","00:22:10.500","is","u","55"
"34026","34","26","26","0","pc","10","pc","00:22:06.400","00:22:23.700","is","u","55"
"34027","34","27","27","0","pc","10","pc","00:23:23.700","00:24:03.700","is","u","55"
"34028","34","28","28","0","pc","10","pc","00:24:03.700","00:24:22.400","aw","u","55"
"34029","34","29","29","0","pc","10","pc","00:24:36.300","00:25:00.500","aw","u","55"
"34030","34","30","30","0","pc","10","pc","00:25:39.600","00:27:12.600","aw","u","55"
"34031","34","31","31","10","pc","1","pc","00:27:17.300","00:27:28.900","aw","u","55"
"34032","34","32","32","0","pc","10","pc","00:27:28.900","00:27:42.200","is","u","55"
"34033","34","33","33","10","pc","1","pc","00:28:06.500","00:28:14.100","is","u","55"
"34034","34","34","34","0","pc","10","pc","00:28:14.100","00:28:30.600","is","u","55"
"34035","34","35","35","0","pc","10","pc","00:34:04.500","00:34:17.200","is","u","55"
"34036","34","36","36","0","pc","10","pc","00:34:25.000","00:34:46.200","is","u","55"
"34037","34","37","37","0","pc","10","pc","00:35:04.500","00:38:26.700","is","u","55"
"34038","34","38","38","0","pc","10","pc","00:35:22.800","00:38:26.700","is","u","55"
"34039","34","39","39","10","pc","1","pc","00:35:22.800","00:35:30.600","is","u","55"
"34040","34","40","40","10","pc","1","pc","00:35:30.600","00:35:41.900","is","u","55"
"34041","34","41","41","0","pc","10","pc","00:35:47.500","00:36:02.500","is","u","55"
"34042","34","42","42","10","pc","1","pc","00:35:47.500","00:36:09.600","is","u","55"
"34043","34","43","43","0","pc","10","pc","00:36:09.600","00:36:14.000","is","u","55"
"34044","34","44","44","10","pc","1","pc","00:36:09.600","00:36:14.000","is","u","55"
"34045","34","45","45","0","pc","10","pc","00:36:21.900","00:36:30.900","is","u","55"
"34046","34","46","46","10","pc","1","pc","00:36:21.900","00:36:40.900","is","u","55"
"34047","34","47","47","10","pc","1","pc","00:36:54.300","00:37:43.500","is","u","55"
"34048","34","48","48","0","pc","10","pc","00:37:16.700","00:37:27.800","is","u","55"
"34049","34","49","49","0","pc","10","pc","00:38:04.800","00:38:38.500","is","u","55"
"34050","34","50","50","10","pc","1","pc","00:38:04.800","00:39:02.200","wz1","u","55"
"34051","34","51","51","0","pc","10","pc","00:38:53.400","00:39:16.000","wz1","u","55"
"34052","34","52","52","10","pc","1","pc","00:39:02.200","00:39:31.600","wz1","u","55"
"34053","34","53","53","0","pc","10","pc","00:39:47.700","00:39:54.300","wz1","u","55"
"34054","34","54","54","10","pc","1","pc","00:41:08.100","00:41:19.400","wz2","u","55"
"34055","34","55","55","0","pc","10","pc","00:41:33.900","00:42:20.300","wz2","u","55"
"34056","34","56","56","10","pc","1","pc","00:43:13.600","00:43:28.400","is","u","55"
"34057","34","57","57","10","pc","1","pc","00:43:28.400","00:44:52.900","is","u","55"
"34058","34","58","58","0","pc","10","pc","00:43:36.500","00:43:57.600","is","u","55"
"34059","34","59","59","10","pc","1","pc","00:45:15.900","00:46:32.200","is","u","55"
"34060","34","60","60","0","pc","10","pc","00:45:45.900","00:45:53.200","is","u","55"
"34061","34","61","61","0","pc","10","pc","00:47:12.500","00:47:17.000","is","u","55"
"34062","34","62","62","10","pc","1","pc","00:47:12.500","00:47:17.000","is","u","55"
"34063","34","63","63","0","pc","10","pc","00:47:36.200","00:48:53.200","is","u","55"
"34064","34","64","64","10","pc","1","pc","00:47:36.200","00:48:53.200","is","u","55"
"34065","34","65","65","0","pc","10","pc","00:48:26.700","00:48:49.200","is","u","55"
"34066","34","66","66","0","pc","10","pc","00:50:02.600","00:50:34.000","is","u","55"
"34067","34","67","67","10","pc","1","pc","00:50:16.400","00:50:24.000","is","u","55"
"34068","34","68","68","10","pc","1","pc","00:50:34.000","00:51:12.200","is","u","55"
"34069","34","69","69","0","pc","10","pc","00:50:42.300","00:51:12.200","is","u","55"
"34070","34","70","70","10","pc","1","pc","00:51:02.800","00:51:12.200","is","u","55"
"34071","34","71","71","10","pc","1","pc","00:51:31.500","00:51:46.300","is","u","55"
"34072","34","72","72","10","pc","1","pc","00:51:46.300","00:54:07.700","hw","u","45"
"34073","34","73","73","10","pc","1","pc","00:54:14.200","00:54:20.200","hw","u","45"
"34074","34","74","74","10","pc","1","pc","00:55:30.600","00:57:26.900","hw","u","45"
"34075","34","75","75","10","pc","1","pc","00:57:53.400","00:58:56.400","hw","u","45"
"34076","34","76","76","10","pc","1","pc","00:59:01.000","00:59:33.400","hw","u","45"
"35001","35","1","1","1","pc","10","pc","00:03:02.200","00:04:31.400","hw","u","45"
"35002","35","2","2","1","pc","10","pc","00:04:44.500","00:06:00.400","hw","u","45"
"35003","35","3","3","1","pc","10","pc","00:06:00.400","00:06:28.700","hw","u","45"
"35004","35","4","4","1","pc","10","pc","00:09:10.900","00:10:15.200","hw","u","45"
"35005","35","5","5","1","pc","10","pc","00:10:36.800","00:12:07.700","hw","u","45"
"35006","35","6","6","10","pc","0","pc","00:10:47.100","00:11:03.800","hw","u","45"
"35007","35","7","7","1","pc","10","pc","00:12:10.900","00:12:28.500","is","u","55"
"35008","35","8","8","1","pc","10","pc","00:12:38.900","00:13:53.800","is","u","55"
"35009","35","9","9","1","pc","10","pc","00:16:08.300","00:16:34.100","is","u","55"
"35010","35","10","10","1","pc","10","pc","00:17:16.400","00:17:42.400","is","u","55"
"35011","35","11","11","10","pc","0","pc","00:17:16.400","00:18:00.300","is","u","55"
"35012","35","12","12","1","pc","10","pc","00:18:13.200","00:18:24.700","is","u","55"
"35013","35","13","13","1","pc","10","pc","00:18:41.400","00:18:54.400","is","u","55"
"35014","35","14","14","1","pc","10","pc","00:18:56.400","00:19:39.000","is","u","55"
"35015","35","15","15","10","pc","0","pc","00:19:11.000","00:19:50.700","is","u","55"
"35016","35","16","16","1","pc","10","pc","00:19:39.000","00:20:09.100","is","u","55"
"35017","35","17","17","10","pc","0","pc","00:19:56.100","00:20:36.000","is","u","55"
"35018","35","18","18","1","pc","10","pc","00:21:28.600","00:22:13.200","is","u","55"
"35019","35","19","19","10","pc","0","pc","00:24:28.800","00:24:46.300","is","u","55"
"35020","35","20","20","1","pc","10","pc","00:26:33.200","00:27:57.300","is","u","55"
"35021","35","21","21","1","pc","10","pc","00:30:42.100","00:31:10.300","aw","u","55"
"35022","35","22","22","1","pc","10","pc","00:37:36.800","00:32:48.900","aw","u","55"
"35023","35","23","23","10","pc","0","pc","00:32:48.900","00:32:02.000","aw","u","55"
"35024","35","24","24","10","pc","0","pc","00:33:41.700","00:33:57.100","aw","u","55"
"35025","35","25","25","10","pc","0","pc","00:34:36.300","00:34:42.300","is","u","55"
"35026","35","26","26","1","pc","10","pc","00:34:36.300","00:35:41.100","is","u","55"
"35027","35","27","27","10","pc","0","pc","00:34:49.900","00:34:53.600","is","u","55"
"35028","35","28","28","1","pc","10","pc","00:35:55.900","00:36:14.500","is","u","55"
"35029","35","29","29","10","pc","0","pc","00:37:41.500","00:37:45.800","is","u","55"
"35030","35","30","30","1","pc","10","pc","00:37:51.700","00:38:02.100","is","u","55"
"35031","35","31","31","10","pc","0","pc","00:37:58.200","00:38:19.000","wz1","u","55"
"35032","35","32","32","1","pc","10","pc","00:38:14.200","00:40:10.100","wz1","u","55"
"35033","35","33","33","10","pc","0","hv","00:38:19.000","00:40:10.100","is","u","55"
"35034","35","34","34","10","pc","0",,"00:40:10.100","00:40:44.000","is","u","55"
"35035","35","35","35","1","pc","10","pc","00:40:10.100","00:40:16.800","is","u","55"
"35036","35","36","36","1","pc","10","pc","00:40:34.800","00:41:00.000","is","u","55"
"35037","35","37","37","10","pc","0","pc","00:41:00.000","00:42:10.100","is","u","55"
"35038","35","38","38","1","pc","10","pc","00:41:00.000","00:42:19.500","is","u","55"
"35039","35","39","39","10","pc","0","pc","00:42:30.700","00:42:46.500","is","u","55"
"35040","35","40","40","1","pc","10","pc","00:43:21.700","00:44:05.400","is","u","55"
"35041","35","41","41","10","pc","0","pc","00:43:34.700","00:43:42.300","is","u","55"
"35042","35","42","42","1","pc","10","pc","00:44:13.100","00:44:28.400","is","u","55"
"35043","35","43","43","1","pc","10","pc","00:45:01.100","00:45:33.500","is","u","55"
"35044","35","44","44","10","pc","0","pc","00:45:33.500","00:45:40.700","is","u","55"
"35045","35","45","45","10","pc","0","pc","00:50:03.800","00:50:11.700","hw","u","45"
"35046","35","46","46","1","pc","10","pc","00:50:03.800","00:50:35.900","hw","u","45"
"35047","35","47","47","10","pc","0","pc","00:52:23.600","00:52:46.200","hw","u","45"
"35048","35","48","48","1","pc","10","pc","00:55:17.200","00:56:00.600","hw","u","45"
"35049","35","49","49","1","pc","10","pc","00:56:00.600","00:52:17.000","hw","u","45"
"35050","35","50","50","10","pc","0","pc","00:57:40.300","00:57:52.400","hw","u","45"
"35051","35","51","51","1","pc","10","pc","00:58:01.400","00:58:34.000","hw","u","45"
"36001","36","1","1","10","pc","1","pc","00:02:42.700","00:03:04.700","hw","u","45"
"36002","36","2","2","10","pc","1","pc","00:07:38.500","00:07:48.400","hw","u","45"
"36003","36","3","3","10","pc","1","pc","00:09:32.600","00:09:55.200","hw","u","45"
"36004","36","4","4","0","pc","10","pc","00:13:07.100","00:13:39.300","is","u","60"
"36005","36","5","5","10","pc","1",,"00:13:32.100","00:13:39.300","is","u","60"
"36006","36","6","6","0","pc","10","pc","00:14:46.400","00:16:02.600","is","u","60"
"36007","36","7","7","0","pc","10","pc","00:16:34.900","00:17:44.900","is","u","60"
"36008","36","8","8","0","pc","10","pc","00:17:44.900","00:19:09.700","aw","u","60"
"36009","36","9","9","10","pc","1","pc","00:18:14.400","00:18:21.600","aw","u","60"
"36010","36","10","10","10","pc","1","pc","00:18:39.600","00:18:45.400","aw","u","60"
"36011","36","11","11","10","pc","1","pc","00:18:50.300","00:19:09.700","is","u","60"
"36012","36","12","12","0","pc","10","pc","00:19:46.300","00:19:55.200","is","u","60"
"36013","36","13","13","10","pc","1","pc","00:20:04.700","00:20:33.700","is","u","60"
"36014","36","14","14","0","pc","10","pc","00:20:33.700","00:21:40.600","is","u","60"
"36015","36","15","15","10","pc","1","pc","00:20:52.700","00:21:15.700","is","u","60"
"36016","36","16","16","0","pc","10","pc","00:21:46.800","00:21:51.000","is","u","60"
"36017","36","17","17","10","pc","1","pc","00:21:46.800","00:21:51.000","is","u","60"
"36018","36","18","18","10","pc","1","pc","00:22:25.500","00:22:41.500","is","u","60"
"36019","36","19","19","0","pc","10","pc","00:24:11.900","00:24:25.100","is","u","60"
"36020","36","20","20","10","pc","1","pc","00:24:11.900","00:24:21.400","is","u","60"
"36021","36","21","21","0","pc","10","pc","00:24:38.500","00:24:51.000","is","u","60"
"36022","36","22","22","10","pc","1","pc","00:24:38.500","00:24:51.000","is","u","60"
"36023","36","23","23","0","pc","10","pc","00:24:58.900","00:26:27.200","is","u","60"
"36024","36","24","24","10","pc","1","pc","00:25:55.400","00:26:04.900","is","u","60"
"36025","36","25","25","0","pc","10","pc","00:30:54.300","00:31:25.300","hw","u","45"
"36026","36","26","26","10","pc","1","pc","00:30:54.300","00:31:25.300","is","u","60"
"36027","36","27","27","0",,"10","pc","00:32:35.200","00:33:02.400","is","u","60"
"36028","36","28","28","10","pc","1","pc","00:32:35.200","00:32:52.200","is","u","60"
"36029","36","29","29","0","pc","1","pc","00:34:49.800","00:36:54.600","is","u","60"
"36030","36","30","30","0","pc","10","pc","00:35:54.300","00:36:54.600","is","u","60"
"36031","36","31","31","0","pc","10","pc","00:35:54.600","00:37:03.400","is","u","60"
"36032","36","32","32","0","pc","10","pc","00:37:58.900","00:39:55.400","is","u","60"
"36033","36","33","33","0","pc","10","pc","00:43:24.600","00:43:41.000","hw","u","45"
"36034","36","34","34","0","pc","10","pc","00:44:44.400","00:44:57.500","hw","u","45"
"36035","36","35","35","10","pc","1",,"00:44:57.500","00:45:31.100","hw","u","45"
"36036","36","36","36","10","pc","1",,"00:45:45.800","00:45:50.400","hw","u","45"
"36037","36","37","37","10","pc","1","pc","00:46:00.400","00:46:44.000","hw","u","45"
"36038","36","38","38","0","pc","10","pc","00:46:00.400","00:46:15.900","hw","u","45"
"36039","36","39","39","0","pc","10","pc","00:48:07.200","00:48:12.900","hw","u","45"
"36040","36","40","40","10","pc","1","pc","00:48:07.200","00:48:20.200","hw","u","45"
"36041","36","41","41","10","pc","1","pc","00:48:28.300","00:48:32.800","hw","u","45"
"36042","36","42","42","10","pc","1","pc","00:48:38.000","00:49:02.900","hw","u","45"
"36043","36","43","43","10","pc","1","pc","00:48:56.900","00:49:29.300","hw","u","45"
"36044","36","44","44","0","pc","10","pc","00:49:15.200","00:49:29.300","hw","u","45"
"36045","36","45","45","10","pc","1","pc","00:49:29.300","00:50:27.500","hw","u","45"
"36046","36","46","46","0","pc","10","pc","00:49:45.500","00:50:02.600","hw","u","45"
"36047","36","47","47","0","pc","10","pc","00:50:23.100","00:50:27.500","wz1","u","45"
"36048","36","48","48","10","pc","1","pc","00:50:38.500","00:50:44.600","hw","u","45"
"36049","36","49","49","0","pc","10","pc","00:52:03.000","00:52:20.100","hw","u","45"
"36050","36","50","50","10","pc","1","pc","00:52:20.100","00:53:38.500","hw","u","45"
"36051","36","51","51","10","pc","1","pc","00:52:20.100","00:53:38.500","hw","u","45"
"36052","36","52","52","10","pc","1","pc","00:54:01.500","00:55:01.500","hw","u","45"
"36053","36","53","53","10","pc","1","pc","00:55:01.500","00:55:46.390","hw","u","45"
"37001","37","1","1","0","pc","10","pc","00:09:17.200","00:09:34.700","hw","u","45"
"37002","37","2","2","10","pc","1","pc","00:16:40.700","00:16:52.900","hw","u","45"
"37003","37","3","3","10","pc","1","pc","00:17:06.900","00:17:19.000","hw","u","45"
"37004","37","4","4","10","pc","1","pc","00:18:11.300","00:18:15.700","is","u","55"
"37005","37","5","5","0","pc","10","pc","00:18:49.000","00:19:17.500","is","u","55"
"37006","37","6","6","0","pc","10","pc","00:18:49.500","00:18:51.100","is","u","55"
"37007","37","7","7","10","pc","1","pc","00:18:57.900","00:18:59.100","is","u","55"
"37008","37","8","8","10","pc","1","pc","00:19:13.300","00:19:17.500","is","u","55"
"37009","37","9","9","0","pc","10","pc","00:19:19.800","00:19:22.700","is","u","55"
"37010","37","10","10","0","pc","10","pc","00:19:35.900","00:20:22.100","is","u","55"
"37011","37","11","11","10","pc","1","pc","00:19:52.700","00:20:22.100","is","u","55"
"37012","37","12","12","0","pc","10","pc","00:20:27.100","00:20:48.500","is","u","55"
"37013","37","13","13","0","pc","10","pc","00:20:48.500","00:20:55.900","is","u","55"
"37014","37","14","14","10","pc","1","pc","00:20:48.500","00:20:55.900","is","u","55"
"37015","37","15","15","10","pc","1","pc","00:21:03.200","00:21:12.600","is","u","55"
"37016","37","16","16","0",,"10","pc","00:21:03.200","00:21:55.600","is","u","55"
"37017","37","17","17","10","pc","1","pc","00:21:22.300","00:21:55.600","wz1","u","55"
"37018","37","18","18","10","pc","1","pc","00:26:21.500","00:27:03.700","wz1","u","55"
"37019","37","19","19","0",,"10","pc","00:28:46.800","00:29:55.300","is","u","55"
"37020","37","20","20","10","pc","1","pc","00:28:46.800","00:29:30.100","is","u","55"
"37021","37","21","21","0",,"10","pc","00:32:05.200","00:33:23.900","is","u","55"
"37022","37","22","22","10","pc","1","pc","00:32:20.900","00:33:18.600","is","u","55"
"37023","37","23","23","0",,"10","pc","00:33:23.900","00:33:29.700","is","u","55"
"37024","37","24","24","10","pc","1","pc","00:33:29.700","00:33:58.300","is","u","55"
"37025","37","25","25","0",,"10","pc","00:34:00.800","00:34:12.700","is","u","55"
"37026","37","26","26","10","pc","1","pc","00:34:00.800","00:34:12.700","is","u","55"
"37027","37","27","27","0",,"10","pc","00:34:46.200","00:34:51.700","is","u","55"
"37028","37","28","28","10","pc","1","pc","00:34:51.700","00:35:02.500","is","u","55"
"37029","37","29","29","10","pc","1","pc","00:35:33.700","00:35:47.200","is","u","55"
"37030","37","30","30","0",,"10","pc","00:35:42.300","00:36:44.900","is","u","55"
"37031","37","31","31","0",,"10","pc","00:36:44.900","00:37:26.600","is","u","55"
"37032","37","32","32","10","pc","1","pc","00:37:00.700","00:38:19.500","is","u","55"
"37033","37","33","33","10","pc","1","pc","00:38:33.500","00:38:44.300","is","u","55"
"37034","37","34","34","0",,"10","pc","00:41:07.100","00:42:53.200","is","u","55"
"37035","37","35","35","0",,"10","pc","00:43:40.100","00:44:27.600","is","u","55"
"37036","37","36","36","10","pc","1","pc","00:43:52.200","00:44:27.600","is","u","55"
"37037","37","37","37","0",,"10","pc","00:44:50.800","00:45:15.500","hw","u","45"
"37038","37","38","38","10","pc","1","pc","00:45:20.200","00:46:04.900","hw","u","45"
"37039","37","39","39","10","pc","1","pc","00:50:29.600","00:50:36.200","hw","u","45"
"37040","37","40","40","0",,"10","pc","00:50:36.200","00:50:56.000","hw","u","45"
"37041","37","41","41","0",,"10","pc","00:51:05.700","00:51:21.300","hw","u","45"
"37042","37","42","42","10","pc","1","pc","00:51:21.300","00:52:26.600","hw","u","45"
"37043","37","43","43","0",,"10","pc","00:52:04.000","00:52:20.100","hw","u","45"
"37044","37","44","44","0",,"10","pc","00:54:08.000","00:55:24.300","hw","u","45"
"37045","37","45","45","0",,"10","pc","00:55:38.700","00:56:06.200","hw","u","45"
"37046","37","46","46","10","pc","1","pc","00:55:38.700","00:55:45.600","hw","u","45"
"37047","37","47","47","0",,"10","pc","00:56:06.200","00:56:27.500","hw","u","45"
"37048","37","48","48","10","pc","1","pc","00:56:06.200","00:56:44.100","hw","u","45"
"37049","37","49","49","0",,"10","pc","00:56:27.500","00:56:39.700","hw","u","45"
"38001","38","1","1","0","pc","10","pc","00:06:43.200","00:08:06.500","hw","u","45"
"38002","38","2","2","10","pc","1","pc","00:07:58.300","00:08:31.800","hw","u","45"
"38003","38","3","3","0","pc","10","pc","00:08:41.900","00:09:31.200","hw","u","45"
"38004","38","4","4","10","pc","1","pc","00:09:46.600","00:09:59.900","hw","u","45"
"38005","38","5","5","0","pc","10","pc","00:10:29.100","00:11:11.700","hw","u","45"
"38006","38","6","6","0","pc","10","pc","00:12:28.900","00:13:20.400","is","u","55"
"38007","38","7","7","10","pc","1","pc","00:12:47.100","00:13:20.400","is","u","55"
"38008","38","8","8","0","pc","10","pc","00:13:20.400","00:14:06.500","is","u","55"
"38009","38","9","9","0","pc","10","pc","00:14:29.400","00:15:17.000","is","u","55"
"38010","38","10","10","0","pc","10","pc","00:15:27.100","00:15:38.300","is","u","55"
"38011","38","11","11","0","pc","10","pc","00:16:01.500","00:20:17.900","is","u","55"
"38012","38","12","12","10","pc","1","pc","00:16:59.600","00:19:14.100","is","u","55"
"38013","38","13","13","10","pc","1","pc","00:19:25.900","00:20:39.200","is","u","55"
"38014","38","14","14","0","pc","10","pc","00:20:44.200","00:20:53.000","hw","u","55"
"38015","38","15","15","0","pc","10","pc","00:20:53.000","00:22:16.200","is","u","55"
"38016","38","16","16","10","pc","1","pc","00:21:47.700","00:22:16.200","is","u","55"
"38017","38","17","17","10","pc","1","pc","00:22:16.200","00:22:49.500","is","u","55"
"38018","38","18","18","0","pc","10","pc","00:22:58.500","00:23:06.300","is","u","55"
"38019","38","19","19","0","pc","10","pc","00:22:58.500","00:23:55.000","is","u","55"
"38020","38","20","20","10","pc","1","pc","00:22:59.500","00:23:55.000","is","u","55"
"38021","38","21","21","0","pc","10","pc","00:23:42.300","00:25:50.300","is","u","55"
"38022","38","22","22","0","pc","10","pc","00:30:40.700","00:31:23.200","is","u","55"
"38023","38","23","23","10","pc","1","pc","00:31:06.100","00:31:23.200","is","u","55"
"38024","38","24","24","0","pc","10","pc","00:31:42.200","00:31:59.300","is","u","55"
"38025","38","25","25","0","pc","10","pc","00:31:59.300","00:35:03.600","is","u","55"
"38026","38","26","26","10","pc","1","pc","00:32:09.000","00:32:38.900","is","u","55"
"38027","38","27","27","10","pc","1","pc","00:33:30.500","00:34:23.900","is","u","55"
"38028","38","28","28","10","pc","1","pc","00:34:31.700","00:35:56.400","is","u","55"
"38029","38","29","29","10","pc","1","pc","00:34:56.400","00:35:08.800","is","u","55"
"38030","38","30","30","0","pc","10","pc","00:37:38.200","00:38:05.800","is","u","55"
"38031","38","31","31","10","pc","1","pc","00:37:44.800","00:38:05.800","is","u","55"
"38032","38","32","32","0","pc","10","pc","00:38:23.200","00:38:50.200","is","u","55"
"38033","38","33","33","10","pc","1","pc","00:38:20.200","00:39:00.700","is","u","55"
"38034","38","34","34","0","pc","10","pc","00:39:00.700","00:39:03.700","is","u","55"
"38035","38","35","35","10","pc","1","pc","00:39:00.700","00:39:20.600","is","u","55"
"38036","38","36","36","10","pc","1","pc","00:37:40.200","00:38:05.700","is","u","55"
"38037","38","37","37","0","pc","10","pc","00:37:40.200","00:38:05.700","is","u","55"
"38038","38","38","38","10","pc","1","pc","00:38:16.200","00:38:20.900","is","u","55"
"38039","38","39","39","0","pc","10","pc","00:39:15.000","00:40:07.600","is","u","55"
"38040","38","40","40","10","pc","1","pc","00:39:24.400","00:39:50.300","is","u","55"
"38041","38","41","41","10","pc","1","pc","00:39:50.300","00:40:07.600","is","c","55"
"38042","38","42","42","0","pc","10","pc","00:40:24.700","00:40:49.100","is","c","55"
"38043","38","43","43","10","pc","1","pc","00:40:24.700","00:40:49.100","is","c","55"
"38044","38","44","44","10","pc","1","pc","00:40:24.700","00:40:28.900","is","c","55"
"38045","38","45","45","10","pc","1","pc","00:40:32.300","00:40:54.700","is","c","55"
"38046","38","46","46","0","pc","10","pc","00:41:03.400","00:41:14.600","is","c","55"
"38047","38","47","47","10","pc","1","pc","00:41:18.600","00:42:39.900","is","c","55"
"38048","38","48","48","10","pc","1","pc","00:41:18.600","00:42:39.900","is","c","55"
"38049","38","49","49","0","pc","10","pc","00:42:46.200","00:43:03.900","is","c","55"
"38050","38","50","50","0","pc","10","pc","00:43:33.800","00:44:55.700","wz1","c","55"
"38051","38","51","51","10","pc","1","pc","00:43:41.800","00:43:54.000","wz1","c","55"
"38052","38","52","52","10","pc","1","pc","00:44:01.700","00:44:18.100","wz1","c","55"
"38053","38","53","53","10","pc","1","pc","00:44:41.900","00:44:55.700","wz1","c","55"
"38054","38","54","54","0","pc","10","pc","00:44:55.700","00:45:23.800","wz1","c","55"
"38055","38","55","55","10","pc","1","pc","00:45:00.500","00:45:05.500","wz1","c","55"
"38056","38","56","56","0","pc","10","pc","00:45:37.800","00:46:16.700","wz1","c","55"
"38057","38","57","57","10","pc","1","pc","00:45:37.800","00:46:16.700","wz1","c","55"
"38058","38","58","58","0","pc","10","pc","00:46:44.800","00:46:58.300","wz1","c","55"
"38059","38","59","59","10","pc","1","pc","00:46:44.800","00:46:58.300","wz1","c","55"
"38060","38","60","60","0","pc","10","pc","00:47:02.900","00:47:55.800","wz1","c","55"
"38061","38","61","61","10","pc","1","pc","00:47:02.900","00:47:13.300","wz1","c","55"
"38062","38","62","62","10","pc","1","pc","00:47:32.300","00:47:36.900","wz1","c","55"
"38063","38","63","63","10","pc","1","pc","00:48:23.100","00:48:27.800","wz1","c","55"
"38064","38","64","64","0","pc","10","pc","00:48:27.800","00:49:17.900","wz1","c","55"
"38065","38","65","65","10","pc","1","pc","00:48:55.600","00:49:12.700","wz1","c","55"
"38066","38","66","66","10","pc","1","pc","00:49:23.800","00:50:08.700","wz1","c","55"
"38067","38","67","67","0","pc","10","pc","00:49:30.400","00:50:08.700","wz1","c","55"
"38068","38","68","68","0","pc","10","pc","00:50:16.400","00:51:36.300","is","c","55"
"38069","38","69","69","10","pc","1","pc","00:50:16.400","00:50:50.370","is","c","55"
"38070","38","70","70","10","pc","1","pc","00:50:55.900","00:51:32.400","is","c","55"
"38071","38","71","71","0","pc","10","pc","00:51:44.800","00:51:54.100","is","c","55"
"38072","38","72","72","10","pc","1","pc","00:51:44.800","00:51:54.100","is","c","55"
"38073","38","73","73","10","pc","1","pc","00:51:57.400","00:52:12.000","is","c","55"
"38074","38","74","74","0","pc","10","pc","00:51:57.400","00:52:20.100","is","c","55"
"38075","38","75","75","0","pc","10","pc","00:52:36.700","00:52:42.300","is","c","55"
"38076","38","76","76","10","pc","1","pc","00:52:42.300","00:54:46.200","is","c","55"
"38077","38","77","77","0","pc","10","pc","00:52:46.200","00:53:41.100","is","c","55"
"38078","38","78","78","10","pc","1","pc","00:52:58.300","00:53:16.000","is","c","55"
"38079","38","79","79","10","pc","1","pc","00:53:28.100","00:53:36.300","is","c","55"
"38080","38","80","80","0","pc","10","pc","00:54:06.400","00:54:56.400","is","c","55"
"38081","38","81","81","10","pc","1","pc","00:54:06.400","00:54:14.800","is","c","55"
"38082","38","82","82","10","pc","1","pc","00:54:35.600","00:54:50.300","is","c","55"
"38083","38","83","83","0","pc","10","pc","00:55:01.500","00:55:11.900","wz1","c","55"
"38084","38","84","84","10","pc","1","pc","00:55:01.500","00:55:11.900","wz1","c","55"
"38085","38","85","85","0","pc","10","pc","00:55:20.000","00:55:32.800","wz1","c","55"
"38086","38","86","86","10","pc","1","pc","00:55:23.800","00:55:38.300","wz1","c","55"
"38087","38","87","87","0","pc","10","pc","00:55:38.300","00:55:56.700","wz1","c","55"
"38088","38","88","88","0","pc","10","pc","00:55:56.700","00:58:05.100","is","c","55"
"38089","38","89","89","10","pc","1","pc","00:55:56.700","00:56:05.800","is","c","55"
"38090","38","90","90","10","pc","1","pc","00:56:29.900","00:56:41.100","is","c","55"
"38091","38","91","91","10","pc","1","pc","00:57:31.400","00:58:05.100","is","c","55"
"38092","38","92","92","0","pc","10","pc","00:59:19.000","01:00:07.400","is","c","55"
"38093","38","93","93","10","pc","1","pc","00:59:35.900","00:59:55.700","is","c","55"
"38094","38","94","94","10","pc","1","pc","00:59:55.700","01:00:17.700","is","c","55"
"38095","38","95","95","0","pc","10","pc","01:00:46.600","01:01:22.900","is","c","55"
"38096","38","96","96","10","pc","1","pc","01:00:44.600","01:01:55.400","is","c","55"
"38097","38","97","97","0","pc","10","pc","01:01:26.000","01:01:32.500","is","c","55"
"38098","38","98","98","0","pc","10","pc","01:01:41.700","01:01:51.000","is","c","55"
"38099","38","99","99","10","pc","1","pc","01:01:55.400","01:02:22.500","is","c","55"
"38100","38","100","100","0","pc","10","pc","01:02:08.900","01:02:34.200","hw","u","45"
"38101","38","101","101","0","pc","10","pc","01:02:34.200","01:03:34.800","hw","u","45"
"38102","38","102","102","10","pc","1","pc","01:02:44.900","01:02:53.000","hw","u","45"
"38103","38","103","103","0","pc","10","pc","01:04:03.000","01:04:23.400","hw","u","45"
"38104","38","104","104","10","pc","1","pc","01:04:03.000","01:04:33.300","hw","u","45"
"38105","38","105","105","10","pc","1",,"01:06:09.400","01:06:40.900","hw","u","45"
"38106","38","106","106","0","pc","10","pc","01:06:10.700","01:06:17.700","hw","u","45"
"38107","38","107","107","10","pc","1","pc","01:06:57.200","01:07:14.800","hw","u","45"
"38108","38","108","108","0","pc","10","pc","01:07:06.800","01:09:47.400","hw","u","45"
"38109","38","109","109","10","pc","1","pc","01:09:20.300","01:09:47.400","hw","u","45"
"38110","38","110","110","0","pc","10","pc","01:10:57.000","01:11:56.600","hw","u","45"
"39001","39","1","1","10","pc","1","pc","00:04:11.000","00:04:20.400","hw","u","45"
"39002","39","2","2","0","pc","10","pc","00:04:51.600","00:04:56.300","hw","u","45"
"39003","39","3","3","10","pc","1","pc","00:04:51.600","00:07:14.700","hw","u","45"
"39004","39","4","4","10","pc","1","pc","00:07:20.700","00:09:26.700","hw","u","45"
"39005","39","5","5","10","pc","1","pc","00:09:42.200","00:10:33.900","hw","u","45"
"39006","39","6","6","0","pc","10","pc","00:09:58.200","00:10:14.700","hw","u","45"
"39007","39","7","7","0","pc","10","pc","00:10:14.700","00:10:22.500","hw","u","45"
"39008","39","8","8","10","pc","1","pc","00:10:52.800","00:11:15.000","hw","u","45"
"39009","39","9","9","0","pc","10","pc","00:11:26.500","00:13:32.900","hw","u","45"
"39010","39","10","10","10","pc","1","pc","00:12:02.700","00:12:41.600","hw","u","45"
"39011","39","11","11","10","pc","1","pc","00:13:32.900","00:14:36.900","hw","u","45"
"39012","39","12","12","0","pc","10","pc","00:14:19.200","00:14:31.100","hw","u","45"
"39013","39","13","13","10","pc","1","pc","00:14:31.100","00:14:45.800","hw","u","45"
"39014","39","14","14","0","pc","10","pc","00:14:45.800","00:16:30.700","hw","u","45"
"39015","39","15","15","10","pc","1","pc","00:14:54.800","00:15:13.500","hw","u","45"
"39016","39","16","16","0","pc","10","pc","00:16:30.700","00:17:19.300","hw","u","45"
"39017","39","17","17","0","pc","10","pc","00:17:48.500","00:18:10.700","hw","u","45"
"39018","39","18","18","10","pc","1","pc","00:18:10.700","00:18:18.300","hw","u","45"
"39019","39","19","19","0","pc","10","pc","00:19:31.100","00:21:00.600","hw","u","45"
"39020","39","20","20","10","pc","1","pc","00:19:38.100","00:20:26.200","is","u","55"
"39021","39","21","21","10","pc","1","pc","00:20:31.600","00:21:00.600","is","u","55"
"39022","39","22","22","0","pc","10","pc","00:21:00.600","00:21:17.600","is","u","55"
"39023","39","23","23","10","pc","1","pc","00:21:05.900","00:23:00.800","is","u","55"
"39024","39","24","24","0","pc","10","pc","00:22:02.300","00:22:26.800","is","u","55"
"39025","39","25","25","10","pc","1","pc","00:23:39.800","00:24:12.600","is","u","55"
"39026","39","26","26","0","pc","10","pc","00:24:55.100","00:25:02.300","is","u","55"
"39027","39","27","27","10","pc","1","pc","00:24:55.100","00:25:02.300","is","u","55"
"39028","39","28","28","10","pc","1",,"00:25:23.200","00:26:27.300","is","u","55"
"39029","39","29","29","10","pc","1","pc","00:26:50.200","00:27:44.900","is","u","55"
"39030","39","30","30","10","pc","1","pc","00:28:02.200","00:29:55.500","is","u","55"
"39031","39","31","31","10","pc","1","pc","00:36:03.600","00:36:20.300","is","u","55"
"39032","39","32","32","0","pc","10","pc","00:36:20.300","00:37:41.200","is","u","55"
"39033","39","33","33","10","pc","1","pc","00:37:34.700","00:38:17.300","is","u","55"
"39034","39","34","34","0","pc","10","pc","00:37:48.300","00:38:17.300","is","u","55"
"39035","39","35","35","0","pc","10","pc","00:38:35.600","00:38:42.000","wz1","u","55"
"39036","39","36","36","10","pc","1","pc","00:38:35.600","00:39:53.600","wz1","u","55"
"39037","39","37","37","0","pc","10","pc","00:39:38.900","00:39:53.600","wz1","u","55"
"39038","39","38","38","10","pc","1","pc","00:39:53.600","00:40:04.100","wz1","u","55"
"39039","39","39","39","0","pc","10","pc","00:42:41.100","00:43:07.000","is","u","55"
"39040","39","40","40","10","pc","1","pc","00:42:41.100","00:43:23.700","is","u","55"
"39041","39","41","41","0","pc","10","pc","00:43:20.200","00:43:42.400","is","u","55"
"39042","39","42","42","10","pc","1","pc","00:43:29.400","00:43:50.000","is","u","55"
"39043","39","43","43","0","pc","10","pc","00:45:10.200","00:45:41.600","is","u","55"
"39044","39","44","44","10","pc","1","pc","00:45:10.200","00:46:01.200","is","u","55"
"39045","39","45","45","10","pc","1","pc","00:46:01.200","00:47:52.600","is","u","55"
"39046","39","46","46","0","pc","10","pc","00:48:51.100","00:49:13.200","is","u","55"
"39047","39","47","47","0","pc","10","pc","00:49:13.200","00:49:22.400","is","u","55"
"39048","39","48","48","0","pc","10","pc","00:49:48.000","00:51:41.100","is","u","55"
"39049","39","49","49","10","pc","1","pc","00:49:48.000","00:49:56.500","is","u","55"
"39050","39","50","50","10","pc","1","pc","00:50:05.600","00:50:13.100","is","u","55"
"39051","39","51","51","10","pc","1","pc","00:50:13.100","00:51:31.800","is","u","55"
"39052","39","52","52","0","pc","10","pc","00:52:16.900","00:52:38.500","is","u","55"
"39053","39","53","53","10","pc","1","pc","00:52:28.300","00:52:38.500","is","u","55"
"39054","39","54","54","0","pc","10","pc","00:54:13.200","00:54:47.300","is","u","55"
"39055","39","55","55","10","pc","1","pc","00:54:13.200","00:56:35.700","is","u","55"
"39056","39","56","56","0","pc","10","pc","00:54:51.700","00:55:10.800","is","u","55"
"39057","39","57","57","10","pc","1","pc","00:57:02.600","00:57:21.800","is","u","55"
"39058","39","58","58","10","pc","1","pc","00:57:21.800","00:57:42.700","is","u","55"
"39059","39","59","59","10","pc","1","pc","00:57:50.000","00:58:06.600","is","u","55"
"39060","39","60","60","0","pc","10","pc","00:57:55.900","00:58:06.600","is","u","55"
"39061","39","61","61","10","pc","1","pc","01:00:50.300","01:01:36.300","is","u","55"
"39062","39","62","62","10","pc","1","pc","01:03:04.300","01:03:22.000","is","u","55"
"39063","39","63","63","10","pc","1","pc","01:06:04.700","01:06:58.000","hw","u","45"
"39064","39","64","64","0","pc","10","pc","01:06:58.000","01:08:06.500","hw","u","45"
"39065","39","65","65","10","pc","1","pc","01:07:04.400","01:07:12.000","hw","u","45"
"39066","39","66","66","10","pc","1","pc","01:07:26.100","01:08:11.100","hw","u","45"
"40001","40","1","1","0","pc","10","pc","00:06:21.600","00:08:03.000","hw","u","45"
"40002","40","2","2","10","pc","1","pc","00:06:32.800","00:06:44.100","hw","u","45"
"40003","40","3","3","10","pc","1","pc","00:06:56.100","00:07:48.300","hw","u","45"
"40004","40","4","4","10","pc","1","pc","00:07:48.300","00:08:30.000","hw","u","45"
"40005","40","5","5","10","pc","1","pc","00:09:20.900","00:10:30.200","hw","u","45"
"40006","40","6","6","0","pc","10","pc","00:11:11.400","00:11:47.400","hw","u","45"
"40007","40","7","7","10","pc","1","pc","00:11:11.400","00:12:02.500","hw","u","45"
"40008","40","8","8","10","pc","1","pc","00:12:40.600","00:13:07.600","is","u","55"
"40009","40","9","9","0","pc","10","pc","00:15:57.000","00:16:17.000","is","u","55"
"40010","40","10","10","0","pc","10","pc","00:16:38.900","00:16:48.500","is","u","55"
"40011","40","11","11","0","pc","10","pc","00:17:00.000","00:17:37.100","is","u","55"
"40012","40","12","12","10","pc","1","pc","00:17:27.800","00:18:25.600","is","u","55"
"40013","40","13","13","10","pc","1","pc","00:18:38.000","00:18:42.900","is","u","55"
"40014","40","14","14","10","pc","1","pc","00:19:04.400","00:20:34.000","wz1","u","55"
"40015","40","15","15","0","hv","10","pc","00:20:23.500","00:20:34.000","wz1","u","55"
"40016","40","16","16","10","pc","1","pc","00:20:40.000","00:20:47.700","is","u","55"
"40017","40","17","17","0","pc","10","pc","00:20:52.500","00:21:19.200","is","u","55"
"40018","40","18","18","10","pc","1","pc","00:20:54.900","00:21:19.200","is","u","55"
"40019","40","19","19","0","pc","10","pc","00:21:19.200","00:23:32.400","is","u","55"
"40020","40","20","20","10","pc","1","pc","00:21:53.500","00:22:41.900","is","u","55"
"40021","40","21","21","10","pc","1","pc","00:22:41.900","00:23:24.300","is","u","55"
"40022","40","22","22","10","pc","1","pc","00:23:28.600","00:23:36.400","is","u","55"
"40023","40","23","23","0","pc","10","pc","00:23:32.400","00:24:02.000","is","u","55"
"40024","40","24","24","10","pc","1","pc","00:23:36.400","00:24:02.000","is","u","55"
"40025","40","25","25","10","pc","1","pc","00:24:02.000","00:24:08.200","is","u","55"
"40026","40","26","26","0","pc","10","pc","00:32:12.600","00:33:21.500","is","u","55"
"40027","40","27","27","0","pc","10","pc","00:34:52.900","00:35:17.600","is","u","55"
"40028","40","28","28","0","pc","10","pc","00:35:17.600","00:35:29.300","is","u","55"
"40029","40","29","29","10","pc","1","pc","00:36:46.500","00:37:13.200","is","u","55"
"40030","40","30","30","0","pc","10","pc","00:37:26.200","00:37:43.500","is","u","55"
"40031","40","31","31","0","pc","10","pc","00:37:46.200","00:38:03.400","is","u","55"
"40032","40","32","32","0","pc","10","pc","00:38:54.800","00:39:13.900","is","u","55"
"40033","40","33","33","0","pc","10","pc","00:39:32.600","00:39:43.800","is","u","55"
"40034","40","34","34","10","pc","1","pc","00:39:43.800","00:39:53.900","is","u","55"
"40035","40","35","35","10","pc","1","pc","00:40:32.800","00:41:05.300","is","u","55"
"40036","40","36","36","0","pc","10","pc","00:40:42.300","00:41:38.800","is","u","55"
"40037","40","37","37","10","pc","1","pc","00:41:38.800","00:42:17.300","is","u","55"
"40038","40","38","38","0","pc","10","pc","00:43:56.500","00:44:50.200","is","u","55"
"40039","40","39","39","10","pc","1","pc","00:44:50.200","00:44:54.600","is","u","55"
"40040","40","40","40","0","pc","10","pc","00:44:54.600","00:45:19.700","is","u","55"
"40041","40","41","41","10","pc","1","pc","00:45:39.100","00:45:45.200","is","u","55"
"40042","40","42","42","10","pc","1","pc","00:45:51.900","00:46:00.500","is","u","55"
"40043","40","43","43","0","pc","10","pc","00:46:00.500","00:46:05.900","is","u","55"
"40044","40","44","45","0","pc","10","pc","00:46:19.100","00:46:26.200","is","u","55"
"40045","40","45","46","10","pc","1","pc","00:46:19.100","00:46:52.200","is","u","55"
"40046","40","46","47","10","pc","1","pc","00:46:58.400","00:47:05.500","is","u","55"
"40047","40","47","48","10","pc","1","pc","00:50:14.000","00:50:49.700","is","u","55"
"40048","40","48","49","0","pc","10","pc","00:50:49.700","00:51:51.600","is","u","55"
"40049","40","49","50","10","pc","1","pc","00:50:49.700","00:52:14.000","is","u","55"
"40050","40","50","51","0","pc","10","pc","00:54:18.700","00:54:26.900","is","u","55"
"40051","40","51","52","0","pc","10","pc","00:55:10.600","00:56:21.900","is","u","55"
"40052","40","52","53","10","pc","1","pc","00:55:10.600","00:56:21.900","is","u","55"
"41001","41","1","1","0","pc","10","pc","00:06:34.200","00:06:51.000","hw","u","45"
"41002","41","2","2","10","pc","1","pc","00:07:03.000","00:07:12.600","hw","u","45"
"41003","41","3","3","10","pc","1","pc","00:07:55.700","00:10:20.600","hw","u","45"
"41004","41","4","4","0","pc","10","pc","00:09:24.500","00:09:43.400","hw","u","45"
"41005","41","5","5","0","pc","10","pc","00:10:09.800","00:10:20.600","hw","u","45"
"41006","41","6","6","0","pc","10","pc","00:11:06.500","00:11:10.400","hw","u","45"
"41007","41","7","7","10","pc","1","pc","00:15:04.500","00:15:53.000","is","u","55"
"41008","41","8","8","0","pc","10","pc","00:17:11.700","00:17:49.800","is","u","55"
"41009","41","9","9","10","pc","1","pc","00:18:11.400","00:18:22.100","is","u","55"
"41010","41","10","10","0","pc","10","pc","00:19:17.500","00:19:22.300","is","u","55"
"41011","41","11","11","10","pc","1","pc","00:19:29.700","00:19:54.500","is","u","55"
"41012","41","12","12","10","pc","1","pc","00:19:58.000","00:20:13.100","is","u","55"
"41013","41","13","13","0","pc","10","pc","00:20:04.300","00:20:13.100","is","u","55"
"41014","41","14","14","10","pc","1","pc","00:23:27.900","00:23:42.900","wz1","u","55"
"41015","41","15","15","0","pc","10","pc","00:25:21.700","00:27:19.100","wz1","u","55"
"41016","41","16","16","10","pc","1","pc","00:16:55.900","00:27:30.000","wz1","u","55"
"41017","41","17","17","0","pc","10","pc","00:29:10.400","00:29:31.000","hw","u","55"
"41018","41","18","18","10","pc","1","pc","00:29:10.400","00:29:34.600","hw","u","55"
"41019","41","19","19","0","pc","10","pc","00:29:31.000","00:29:34.600","is","u","55"
"41020","41","20","20","0","pc","10","pc","00:31:15.000","00:31:27.300","is","u","55"
"41021","41","21","21","10","pc","1","pc","00:31:15.000","00:31:27.300","is","u","55"
"41022","41","22","22","0","pc","10","pc","00:31:27.300","00:31:46.900","is","u","55"
"41023","41","23","23","0","pc","10","pc","00:33:38.600","00:33:44.600","wz1","u","55"
"41024","41","24","24","0","pc","10","pc","00:33:44.600","00:33:58.600","wz1","u","55"
"41025","41","25","25","0","hv","10","pc","00:34:06.000","00:34:10.500","is","u","55"
"41026","41","26","26","10","pc","1","pc","00:34:04.300","00:35:13.700","is","u","55"
"41027","41","27","27","0","pc","10","pc","00:35:36.800","00:36:19.700","is","u","55"
"41028","41","28","28","10","pc","1","pc","00:35:36.800","00:36:07.000","is","u","55"
"41029","41","29","29","0","pc","10","pc","00:37:27.000","00:38:15.400","is","u","55"
"41030","41","30","30","10","pc","1","pc","00:37:53.800","00:38:15.340","is","u","55"
"41031","41","31","31","0","pc","10","pc","00:38:41.500","00:38:54.300","wz1","u","55"
"41032","41","32","32","0","pc","10","pc","00:41:24.500","00:42:55.200","is","u","55"
"41033","41","33","33","10","pc","1","pc","00:41:24.500","00:41:32.500","is","u","55"
"41034","41","34","34","10","pc","1","pc","00:42:55.200","00:43:19.200","is","u","55"
"41035","41","35","35","10","pc","1","pc","00:44:13.400","00:45:06.500","is","u","55"
"41036","41","36","36","10","pc","1","pc","00:46:43.000","00:46:49.100","hw","u","45"
"41037","41","37","37","0","pc","10","pc","00:48:01.300","00:49:19.000","hw","u","45"
"41038","41","38","38","10","pc","1","pc","00:48:01.300","00:49:19.000","hw","u","45"
"41039","41","39","39","10","pc","1","pc","00:50:46.500","00:54:41.800","hw","u","45"
"41040","41","40","40","0","pc","10","pc","00:54:36.900","00:54:56.800","hw","u","45"
"42001","42","1","1","0","pc","10","pc","00:06:53.100","00:07:23.500","hw","c","45"
"42002","42","2","2","10","pc","1","pc","00:07:00.700","00:07:23.500","hw","c","45"
"42003","42","3","3","0","pc","10","pc","00:07:37.600","00:08:21.300","hw","c","45"
"42004","42","4","4","10","pc","1","pc","00:07:37.600","00:08:21.300","hw","c","45"
"42005","42","5","5","0","pc","10","pc","00:09:26.900","00:09:58.400","hw","c","45"
"42006","42","6","6","10","pc","1","pc","00:09:26.900","00:09:58.400","hw","c","45"
"42007","42","7","7","0","pc","10","pc","00:10:04.700","00:10:31.600","hw","c","45"
"42008","42","8","8","10","pc","1","pc","00:10:15.800","01:10:31.600","hw","c","45"
"42009","42","9","9","10","pc","1","pc","00:10:53.800","00:11:22.300","hw","c","45"
"42010","42","10","10","10","pc","1","pc","00:11:39.600","00:11:45.500","hw","c","45"
"42011","42","11","11","0","pc","10","pc","00:12:03.400","00:13:10.200","hw","c","45"
"42012","42","12","12","10","pc","1","pc","00:12:10.300","00:13:28.700","hw","c","45"
"42013","42","13","13","0","pc","10","pc","00:13:40.200","00:13:46.100","hw","c","45"
"42014","42","14","14","0","pc","10","pc","00:14:03.100","00:14:19.000","hw","c","45"
"42015","42","15","15","10","pc","1","pc","00:14:07.600","00:14:24.100","hw","c","45"
"42016","42","16","16","0","pc","10","pc","00:14:24.100","00:15:09.100","hw","c","45"
"42017","42","17","17","10","pc","1","pc","00:15:13.200","00:15:19.700","hw","c","45"
"42018","42","18","18","0","pc","10","pc","00:15:19.700","00:16:11.200","hw","c","45"
"42019","42","19","19","0","pc","10","pc","00:16:24.500","00:18:13.400","hw","c","45"
"42020","42","20","20","10","pc","1","pc","00:16:35.100","00:17:24.200","hw","c","45"
"42021","42","21","21","10","pc","1","pc","00:17:36.300","00:18:03.800","hw","c","45"
"42022","42","22","22","0","pc","10","pc","00:18:20.300","00:20:17.300","hw","c","45"
"42023","42","23","23","10","pc","1","pc","00:18:39.100","00:19:48.000","hw","c","45"
"42024","42","24","24","10","pc","1","pc","00:20:01.900","00:20:26.500","hw","c","45"
"42025","42","25","25","0","pc","10","pc","00:20:17.300","00:21:04.300","hw","c","45"
"42026","42","26","26","10","pc","1","pc","00:20:45.500","00:20:57.700","hw","c","45"
"42027","42","27","27","0","pc","10","pc","00:21:08.700","00:22:36.300","hw","c","45"
"42028","42","28","28","10","pc","1","pc","00:21:41.000","00:22:01.200","hw","c","45"
"42029","42","29","29","10","pc","1","pc","00:22:24.700","00:22:36.300","hw","c","45"
"42030","42","30","30","0","pc","10","pc","00:22:36.300","00:23:15.500","hw","c","45"
"42031","42","31","31","10","pc","1","pc","00:23:25.900","00:23:45.700","hw","c","45"
"42032","42","32","32","0","pc","10","pc","00:24:12.600","00:24:34.200","hw","c","45"
"42033","42","33","33","10","pc","1","pc","00:24:12.600","00:24:25.100","hw","c","45"
"42034","42","34","34","10","pc","1","pc","00:24:50.800","00:25:08.500","hw","c","45"
"42035","42","35","35","0","pc","10","pc","00:24:50.800","00:25:02.800","hw","c","45"
"42036","42","36","36","0","pc","10","pc","00:25:12.000","00:25:34.100","hw","c","45"
"42037","42","37","37","10","pc","1","pc","00:25:12.000","00:25:34.100","hw","c","45"
"42038","42","38","38","0","pc","10","pc","00:26:10.300","00:26:20.100","hw","c","45"
"42039","42","39","39","10","pc","1","pc","00:26:20.100","00:26:26.200","hw","c","45"
"42040","42","40","40","0","pc","10","pc","00:26:20.100","00:27:52.700","hw","c","45"
"42041","42","41","41","10","pc","1","pc","00:26:53.500","00:27:47.600","hw","c","45"
"42042","42","42","42","0","pc","10","pc","00:28:04.000","00:28:40.100","hw","c","45"
"42043","42","43","43","10","pc","1","pc","00:28:04.000","00:28:14.600","hw","c","45"
"42044","42","44","44","10","pc","1","pc","00:28:28.400","00:29:04.800","hw","c","45"
"42045","42","45","45","0","pc","10","pc","00:29:51.200","00:29:59.900","hw","c","45"
"42046","42","46","46","0","pc","10","pc","00:31:03.500","00:31:25.600","is","u","55"
"42047","42","47","47","0","pc","10","pc","00:32:23.900","00:32:39.600","is","u","55"
"42048","42","48","48","0","pc","10","pc","00:32:39.600","00:33:34.500","is","u","55"
"42049","42","49","49","10","pc","1","pc","00:33:17.800","00:33:34.500","is","u","55"
"42050","42","50","50","10","pc","1","pc","00:34:26.400","00:34:50.000","is","u","55"
"42051","42","51","51","0","pc","10","pc","00:35:58.300","00:36:37.900","wz1","u","55"
"42052","42","52","52","0","pc","10","pc","00:36:53.500","00:37:03.700","wz1","u","55"
"42053","42","53","53","0","pc","10","pc","00:40:11.300","00:40:29.700","is","u","55"
"42054","42","54","54","10","pc","1","pc","00:40:38.300","00:40:56.200","is","u","55"
"42055","42","55","55","0","pc","10","pc","00:41:38.400","00:42:10.100","is","u","55"
"42056","42","56","56","10","pc","1","pc","00:41:44.800","00:41:51.000","is","u","55"
"42057","42","57","57","0","pc","10","pc","00:43:08.300","00:45:03.000","is","u","55"
"42058","42","58","58","0","pc","10","pc","00:45:03.000","00:45:42.900","is","u","55"
"42059","42","59","59","10","pc","1","pc","00:45:26.600","00:46:29.300","wz1","u","55"
"42060","42","60","60","0","pc","10","pc","00:51:26.100","00:53:59.400","is","u","55"
"42061","42","61","61","10","pc","1","pc","00:51:48.800","00:53:05.200","is","u","55"
"42062","42","62","62","10","pc","1","pc","00:53:14.300","00:54:36.900","wz1","u","55"
"42063","42","63","63","10","pc","1","pc","00:56:23.000","00:57:06.900","is","u","55"
"42064","42","64","64","10","pc","1","pc","00:58:12.000","00:58:52.000","is","u","55"
"42065","42","65","65","0","pc","10","pc","01:01:25.000","01:02:21.800","is","u","55"
"42066","42","66","66","10","pc","1","pc","01:01:25.000","01:02:21.800","is","u","55"
"42067","42","67","67","0","pc","10","pc","01:02:50.300","01:03:03.600","is","u","55"
"42068","42","68","68","0","pc","10","pc","01:03:02.600","01:03:15.600","is","u","55"
"42069","42","69","69","10","pc","1","pc","01:03:15.600","01:03:27.400","is","u","55"
"42070","42","70","70","0","pc","10","pc","01:03:15.600","01:03:21.400","is","u","55"
"42071","42","71","71","0","pc","10","pc","01:03:27.400","01:05:34.300","is","u","55"
"42072","42","72","72","10","pc","1","pc","01:03:43.900","01:04:35.900","is","u","55"
"42073","42","73","73","10","pc","1","pc","01:04:56.300","01:05:19.800","is","u","55"
"42074","42","74","74","0","pc","10","pc","01:05:50.300","01:06:26.200","is","u","55"
"42075","42","75","75","10","pc","1","pc","01:05:59.100","01:06:19.800","is","u","55"
"42076","42","76","76","0","pc","10","pc","01:07:43.600","01:07:52.100","is","u","55"
"42077","42","77","77","10","pc","1","pc","01:08:09.600","01:08:44.600","is","u","55"
"42078","42","78","78","10","pc","1","pc","01:12:43.300","01:14:56.400","wz1","c","55"
"42079","42","79","79","10","pc","1","pc","01:14:56.400","01:16:36.900","hw","u","45"
"43001","43","1","1","0","pc","10","pc","00:10:10.800","00:10:35.200","hw","u","45"
"43002","43","2","2","10","pc","1","pc","00:10:10.800","00:10:30.500","hw","u","45"
"43003","43","3","3","10","pc","1","pc","00:11:25.900","00:11:35.100","hw","u","45"
"43004","43","4","4","0","pc","10","pc","00:15:18.900","00:15:33.000","aw","u","45"
"43005","43","5","5","0","pc","10","pc","00:15:55.800","00:16:22.600","aw","u","55"
"43006","43","6","6","10","pc","1","pc","00:17:07.300","00:17:41.200","wz1","u","55"
"43007","43","7","7","10","pc","1","pc","00:17:41.200","00:18:52.100","wz1","u","55"
"43008","43","8","8","0","pc","10","pc","00:18:52.100","00:19:14.600","wz1","u","55"
"43009","43","9","9","10","pc","1","pc","00:18:57.800","00:19:14.600","aw","u","55"
"43010","43","10","10","0","pc","10","pc","00:20:16.700","00:20:29.400","aw","u","55"
"43011","43","11","11","10","pc","1","pc","00:20:29.400","00:21:12.000","aw","u","55"
"43012","43","12","12","0","pc","10","pc","00:21:08.300","00:22:03.400","is","u","55"
"43013","43","13","13","10","pc","1","pc","00:21:32.600","00:22:20.900","is","u","55"
"43014","43","14","14","10","pc","1","pc","00:22:20.900","00:23:15.100","wz1","u","55"
"43015","43","15","15","0","pc","10","pc","00:22:56.400","00:23:15.100","wz1","u","55"
"43016","43","16","16","10","pc","1","pc","00:23:47.100","00:25:47.000","aw","u","55"
"43017","43","17","17","0","pc","10","pc","00:24:47.100","00:23:57.500","is","u","55"
"43018","43","18","18","0","pc","10","pc","00:25:05.000","00:25:24.100","is","u","55"
"43019","43","19","19","0","pc","10","pc","00:25:40.500","00:25:47.000","is","u","55"
"43020","43","20","20","0","pc","10","pc","00:25:51.700","00:26:00.000","is","u","55"
"43021","43","21","21","10","pc","1","pc","00:25:51.700","00:26:00.000","is","u","55"
"43022","43","22","22","0","pc","10","pc","00:26:43.600","00:26:50.000","is","u","55"
"43023","43","23","23","0","pc","10","pc","00:32:23.300","00:32:53.800","is","u","55"
"43024","43","24","24","10","pc","1","pc","00:33:25.700","00:33:39.300","is","u","55"
"43025","43","25","25","0","pc","10","pc","00:34:11.900","00:34:41.800","is","u","55"
"43026","43","26","26","10","pc","1","pc","00:34:24.200","00:35:29.100","aw","u","55"
"43027","43","27","27","10","pc","1","pc","00:35:05.900","00:35:13.200","aw","u","55"
"43028","43","28","28","0","pc","10","pc","00:37:13.700","00:37:21.600","wz1","u","55"
"43029","43","29","29","10","pc","1","pc","00:38:34.500","00:38:58.600","is","u","55"
"43030","43","30","30","0","pc","10","pc","00:38:58.600","00:39:10.100","is","u","55"
"43031","43","31","31","0","pc","10","pc","00:43:23.100","00:43:30.900","is","u","55"
"43032","43","32","32","10","pc","1","pc","00:43:30.900","00:44:05.400","is","u","55"
"43033","43","33","33","0","pc","10","pc","00:43:30.900","00:43:48.400","is","u","55"
"43034","43","34","34","0","pc","10","pc","00:48:09.800","00:48:43.500","is","u","55"
"43035","43","35","35","10","pc","1","pc","00:48:33.300","00:48:43.500","is","u","55"
"43036","43","36","36","0","pc","10","pc","00:50:10.400","00:50:36.500","is","u","55"
"43037","43","37","37","0","pc","10","pc","00:50:51.100","00:51:30.700","is","u","55"
"43038","43","38","38","10","pc","1","pc","00:51:18.700","00:51:30.700","is","u","55"
"43039","43","39","39","10","pc","1","pc","00:51:30.700","00:51:47.500","is","u","55"
"43040","43","40","40","0","pc","10","pc","00:53:37.000","00:54:07.700","is","u","55"
"44001","44","1","1","10","pc","1","pc","00:05:13.490","00:05:24.980","hw","u","50"
"44002","44","2","2","10","pc","1","pc","00:07:32.120","00:07:49.440","hw","u","50"
"44003","44","3","3","10","pc","1","pc","00:08:24.910","00:08:45.700","hw","u","50"
"44004","44","4","3","10","pc","1","pc","00:08:45.710","00:09:32.400","hw","u","40"
"44005","44","5","4","10","pc","1","pc","00:09:50.490","00:10:46.380","hw","u","40"
"44006","44","6","5","10","pc","1","pc","00:13:09.850","00:14:13.870","hw","u","45"
"44007","44","7","5","10","pc","1","pc","00:14:13.880","00:14:52.760","is","u","55"
"44008","44","8","6","0","pc","10","pc","00:14:57.080","00:16:04.840","is","u","55"
"44009","44","9","7","10","pc","1","pc","00:14:57.080","00:16:06.200","is","u","55"
"44010","44","10","8","0","pc","10","pc","00:17:08.860","00:18:31.620","is","u","55"
"44011","44","11","9","10","pc","1","pc","00:21:28.730","00:22:07.490","is","u","55"
"44012","44","12","10","10","pc","1","pc","00:22:24.440","00:22:55.360","is","u","55"
"44013","44","13","11","10","pc","1","pc","00:23:09.440","00:23:56.780","is","u","55"
"44014","44","14","12","0","pc","10","pc","00:25:16.160","00:26:12.100","wz2","u","55"
"44015","44","15","12","0","pc","10","pc","00:26:12.110","00:27:39.910","is","u","55"
"44016","44","16","13","10","pc","1","pc","00:26:36.240","00:27:49.240","is","u","55"
"44017","44","17","14","10","pc","1","pc","00:31:33.340","00:33:47.710","is","u","55"
"44018","44","18","15","0","pc","10","pc","00:33:41.460","00:34:27.650","is","u","55"
"44019","44","19","16","10","pc","1","pc","00:34:01.190","00:34:33.700","is","u","55"
"44020","44","20","17","10","pc","1","pc","00:34:53.050","00:36:38.700","is","u","55"
"44021","44","21","18","0","pc","10","pc","00:35:23.010","00:35:55.220","is","u","55"
"44022","44","22","19","0","pc","10","pc","00:36:43.310","00:37:25.640","is","u","55"
"44023","44","23","20","10","pc","1","pc","00:36:59.590","00:37:25.640","is","u","55"
"44024","44","24","21","10","pc","1","pc","00:41:04.230","00:41:35.300","is","u","55"
"44025","44","25","22","0","pc","10","pc","00:43:07.180","00:43:37.450","is","u","55"
"44026","44","26","23","10","pc","1","pc","00:48:01.360","00:48:47.430","hw","u","40"
"44027","44","27","24","10","pc","1","pc","00:50:04.030","00:50:28.650","hw","u","50"
"44028","44","28","25","10","pc","1","pc","00:52:56.870","00:53:51.950","hw","u","50"
"44029","44","29","26","0","pc","10","pc","00:54:05.930","00:54:28.800","hw","u","50"
"45001","45","1","1","0","pc","10","pc","00:08:36.160","00:09:29.970","hw","c","40"
"45002","45","2","2","10","pc","1","pc","00:08:37.660","00:09:25.060","hw","c","40"
"45003","45","3","3","0","pc","10","pc","00:09:32.400","00:09:59.020","hw","c","40"
"45004","45","4","4","10","pc","1","pc","00:10:08.280","00:10:29.070","hw","c","40"
"45005","45","5","5","10","pc","1","pc","00:10:53.210","00:11:09.930","hw","c","40"
"45006","45","6","6","10","pc","1","pc","00:11:45.590","00:12:19.540","hw","c","40"
"45007","45","7","7","0","pc","10","pc","00:12:05.180","00:12:46.390","hw","c","40"
"45008","45","8","8","10","pc","1","pc","00:12:28.880","00:13:20.010","hw","c","40"
"45009","45","9","9","0","pc","10","pc","00:13:41.390","00:13:59.870","hw","c","40"
"45010","45","10","10","10","pc","1","pc","00:13:43.500","00:14:02.200","hw","c","40"
"45011","45","11","11","0","pc","10","pc","00:18:14.780","00:18:41.480","is","u","55"
"45012","45","12","12","0","pc","10","pc","00:20:55.480","00:21:07.260","is","u","55"
"45013","45","13","13","0","pc","10","pc","00:23:13.130","00:23:19.690","aw","u","55"
"45014","45","14","13","0","pc","10","pc","00:23:19.700","00:24:29.390","wz2","u","55"
"45015","45","15","13","0","pc","10","pc","00:24:29.400","00:25:25.350","is","u","55"
"45016","45","16","14","10","pc","1","pc","00:23:24.040","00:24:13.060","wz2","u","55"
"45017","45","17","15","10","pc","1","pc","00:24:29.980","00:25:35.210","is","u","55"
"45018","45","18","16","10","pc","1","pc","00:26:38.210","00:27:27.010","is","u","55"
"45019","45","19","17","0","pc","10","pc","00:27:31.610","00:28:22.010","is","u","55"
"45020","45","20","18","10","pc","1","pc","00:27:51.610","00:28:40.580","is","u","55"
"45021","45","21","19","10","pc","1","pc","00:29:00.160","00:29:16.080","is","u","55"
"45022","45","22","20","10","pc","1","pc","00:29:23.300","00:29:40.810","is","u","55"
"45023","45","23","21","10","pc","1","pc","00:29:50.490","00:30:30.400","is","u","55"
"45024","45","24","22","0","pc","10","pc","00:29:53.660","00:30:30.400","is","u","55"
"45025","45","25","23","10","pc","1","pc","00:35:34.880","00:36:11.080","is","u","55"
"45026","45","26","24","10","pc","1","pc","00:36:56.170","00:38:23.970","is","u","55"
"45027","45","27","25","0","pc","10","pc","00:38:18.520","00:38:37.150","is","u","55"
"45028","45","28","26","10","pc","1","pc","00:38:36.210","00:38:59.040","is","u","55"
"45029","45","29","27","0","pc","10","pc","00:39:28.040","00:39:44.020","is","u","55"
"45030","45","30","28","0","pc","10","pc","00:39:46.730","00:40:20.020","is","u","55"
"45031","45","31","29","0","pc","10","pc","00:43:21.940","00:44:16.680","is","u","55"
"45032","45","32","30","10","pc","1","pc","00:44:25.130","00:44:43.020","is","u","55"
"45033","45","33","31","0","pc","10","pc","00:44:25.130","00:44:49.130","is","u","55"
"45034","45","34","32","0","pc","10","pc","00:44:55.780","00:45:23.030","is","u","55"
"45035","45","35","33","10","pc","1","pc","00:45:50.310","00:46:08.880","is","u","55"
"45036","45","36","34","0","pc","10","pc","00:46:21.260","00:46:41.810","is","u","55"
"45037","45","37","35","10","pc","1","pc","00:48:05.800","00:48:41.960","hw","u","45"
"45038","45","38","36","0","pc","10","pc","00:48:09.870","00:48:41.960","hw","u","45"
"45039","45","39","37","0","pc","10","pc","00:48:48.890","00:48:59.610","hw","c","45"
"45040","45","40","38","0","pc","10","pc","00:49:02.970","00:49:31.920","hw","c","45"
"45041","45","41","39","0","pc","10","pc","00:54:39.100","00:54:56.260","hw","u","50"
"45042","45","42","40","0","pc","10","pc","00:56:02.400","00:57:42.450","hw","u","50"
"46001","46","1","1","0","pc","10","pc","00:08:11.820","00:08:13.850","tz","u","45"
"46002","46","2","1","0","pc","10","pc","00:08:13.860","00:08:21.940","wz1","u","45"
"46003","46","3","1","0","pc","10","pc","00:08:21.950","00:11:09.110","hw","u","45"
"46004","46","4","2","0","pc","10","pc","00:12:26.550","00:13:12.650","hw","u","45"
"46005","46","5","3","10","pc","1","pc","00:12:38.560","00:13:55.680","hw","u","45"
"46006","46","6","4","0","pc","10","pc","00:13:30.470","00:13:55.680","hw","u","45"
"46007","46","7","5","10","pc","1","hv","00:17:31.420","00:17:35.220","tz","u","55"
"46008","46","8","5","10","pc","1","hv","00:17:35.230","00:18:23.050","wz1","u","55"
"46009","46","9","5","10","pc","1","hv","00:18:23.060","00:18:30.910","is","u","55"
"46010","46","10","6","10","pc","1","pc","00:18:40.510","00:19:05.570","is","u","55"
"46011","46","11","6","10","pc","1","pc","00:19:05.580","00:19:43.860","aw","u","55"
"46012","46","12","7","0","pc","10","pc","00:18:52.560","00:19:05.570","is","u","55"
"46013","46","13","7","0","pc","10","pc","00:19:05.600","00:19:11.860","aw","u","55"
"46014","46","14","8","10","pc","1","pc","00:20:20.850","00:20:36.040","wz1","u","55"
"46015","46","15","9","0","pc","10","pc","00:20:43.470","00:21:40.940","wz1","u","55"
"46016","46","16","10","0","hv","10","pc","00:22:56.190","00:23:48.460","is","u","55"
"46017","46","17","11","10","pc","1","pc","00:24:22.070","00:25:29.700","is","u","55"
"46018","46","18","12","0","hv","10","pc","00:25:16.010","00:28:11.040","is","u","55"
"46019","46","19","13","10","pc","1","pc","00:39:28.300","00:40:06.930","aw","u","55"
"46020","46","20","14","0","hv","10","pc","00:39:59.020","00:40:10.110","aw","u","55"
"46021","46","21","14","0","hv","10","pc","00:40:10.120","00:40:30.900","wz2","u","55"
"46022","46","22","14","0","hv","10","pc","00:40:30.910","00:42:17.700","is","u","55"
"46023","46","23","15","0","pc","10","pc","00:42:44.520","00:43:22.770","is","u","55"
"46024","46","24","16","0","pc","10","pc","00:46:57.290","00:47:13.200","hw","u","45"
"46025","46","25","17","0","pc","10","pc","00:47:26.780","00:48:04.110","hw","u","45"
"46026","46","26","18","0","pc","10","pc","00:49:28.560","00:49:58.690","hw","u","40"
"46027","46","27","19","10","pc","1","pc","00:50:07.100","00:50:28.680","hw","u","40"
"46028","46","28","20","0","pc","10","pc","00:50:22.970","00:50:43.380","hw","u","40"
"46029","46","29","21","10","pc","1","hv","00:53:15.450","00:53:59.100","hw","u","50"
"46030","46","30","22","0","pc","10","pc","00:53:23.890","00:55:20.850","hw","u","50"
"47001","47","1","1","0","pc","10","pc","00:04:43.430","00:05:14.860","hw","u","50"
"47002","47","2","2","0","pc","10","pc","00:07:14.210","00:08:31.110","hw","u","40"
"47003","47","3","3","10","pc","1","pc","00:08:18.220","00:09:11.510","hw","u","40"
"47004","47","4","4","0","pc","10","pc","00:08:31.190","00:08:51.150","hw","u","40"
"47005","47","5","5","0","pc","10","pc","00:09:05.540","00:11:18.550","hw","u","40"
"47006","47","6","6","10","pc","1","pc","00:09:16.180","00:09:36.200","hw","u","40"
"47007","47","7","7","10","pc","1","pc","00:09:37.590","00:09:59.930","hw","u","40"
"47008","47","8","8","10","pc","1","pc","00:16:30.870","00:18:27.740","aw","c","55"
"47009","47","9","9","0","pc","10","pc","00:16:35.600","00:18:19.090","aw","c","55"
"47010","47","10","10","10","pc","1","pc","00:18:33.150","00:18:54.620","aw","c","55"
"47011","47","11","10","10","pc","1","pc","00:18:54.630","00:19:01.850","tz","c","55"
"47012","47","12","11","0","pc","10","pc","00:19:19.870","00:21:11.850","wz1","c","55"
"47013","47","13","12","10","pc","1","pc","00:20:23.450","00:20:36.960","wz1","c","55"
"47014","47","14","13","0","pc","10","pc","00:21:48.170","00:22:23.250","wz1","u","55"
"47015","47","15","14","0","pc","10","pc","00:23:33.860","00:24:11.920","is","u","55"
"47016","47","16","15","0","pc","10","pc","00:27:10.040","00:27:24.050","is","u","55"
"47017","47","17","16","0","pc","10","pc","00:30:01.930","00:30:39.210","is","u","55"
"47018","47","18","17","0","pc","10","pc","00:33:24.490","00:36:46.270","is","u","55"
"47019","47","19","18","0","pc","10","pc","00:37:10.710","00:38:06.270","is","u","55"
"47020","47","20","19","0","pc","10","pc","00:41:03.590","00:41:33.070","wz2","u","55"
"47021","47","21","19","0","pc","10","pc","00:41:33.980","00:42:09.890","is","u","55"
"47022","47","22","20","10","pc","1","pc","00:41:47.460","00:42:19.020","is","u","55"
"47023","47","23","21","0","pc","10","pc","00:47:43.100","00:48:17.210","hw","u","45"
"47024","47","24","22","0","pc","10","pc","00:49:42.020","00:50:47.690","hw","u","40"
"47025","47","25","22","0","pc","10","pc","00:50:47.700","00:51:45.940","hw","u","50"
"47026","47","26","23","10","pc","1","pc","00:50:47.700","00:52:01.920","hw","u","50"
"47027","47","27","24","0","pc","10","pc","00:52:51.380","00:54:03.440","hw","u","50"
"47028","47","28","25","10","pc","1","pc","00:52:56.030","00:54:20.070","hw","u","50"
"47029","47","29","26","10","pc","1","pc","00:54:53.910","00:56:12.010","hw","u","50"
"48001","48","1","1","0","pc","10","pc","00:06:49.180","00:07:49.670","hw","u","40"
"48002","48","2","2","10","pc","1","pc","00:07:22.590","00:07:49.670","hw","u","40"
"48003","48","3","3","0","pc","10","pc","00:09:23.310","00:09:55.360","hw","u","40"
"48004","48","4","4","10","pc","1","pc","00:14:45.970","00:15:15.310","is","u","55"
"48005","48","5","5","0","pc","10","pc","00:14:56.790","00:15:15.310","is","u","55"
"48006","48","6","6","0","pc","10","pc","00:15:49.170","00:18:57.700","is","u","55"
"48007","48","7","7","10","pc","1","pc","00:16:33.360","00:18:33.830","aw","u","55"
"48008","48","8","8","0","pc","10","pc","00:19:18.220","00:19:35.160","wz1","u","55"
"48009","48","9","8","0","pc","10","pc","00:19:35.170","00:20:00.850","is","u","55"
"48010","48","10","9","0","pc","10","pc","00:21:51.600","00:22:06.510","is","u","55"
"48011","48","11","10","0","pc","10","pc","00:23:07.210","00:23:58.480","is","u","55"
"48012","48","12","11","10","pc","1","pc","00:23:40.100","00:24:14.100","is","u","55"
"48013","48","13","12","0","pc","10","pc","00:26:20.370","00:26:52.010","is","u","55"
"48014","48","14","13","10","pc","1","pc","00:26:28.810","00:26:52.010","is","u","55"
"48015","48","15","14","0","pc","10","pc","00:31:47.350","00:32:41.580","is","u","55"
"48016","48","16","15","0","pc","10","pc","00:32:41.590","00:35:13.010","is","u","55"
"48017","48","17","16","10","pc","1","pc","00:33:03.900","00:34:00.110","is","u","55"
"48018","48","18","17","10","pc","1","pc","00:34:38.350","00:34:58.600","is","u","55"
"48019","48","19","18","0","pc","10","pc","00:35:56.230","00:37:19.320","is","u","55"
"48020","48","20","19","10","pc","1","pc","00:35:59.800","00:37:19.320","is","u","55"
"48021","48","21","20","10","pc","1","pc","00:39:21.070","00:39:51.800","is","u","55"
"48022","48","22","21","0","pc","10","pc","00:40:45.620","00:41:35.880","is","u","55"
"48023","48","23","21","0","pc","10","pc","00:41:35.890","00:42:01.910","aw","u","55"
"48024","48","24","21","0","pc","10","pc","00:42:01.920","00:42:07.920","tz","c","55"
"48025","48","25","21","0","pc","10","pc","00:42:07.930","00:42:15.190","wz1","c","55"
"48026","48","26","22","10","pc","1","pc","00:41:02.810","00:41:35.880","is","u","55"
"48027","48","27","22","10","pc","1","pc","00:41:35.890","00:41:56.790","aw","u","55"
"48028","48","28","23","10","pc","1","pc","00:46:47.780","00:47:30.440","hw","u","40"
"48029","48","29","24","10","pc","1","pc","00:50:49.950","00:52:47.930","hw","u","50"
"48030","48","30","25","0","pc","10","pc","00:51:28.070","00:52:10.780","hw","u","50"
"48031","48","31","26","0","pc","10","pc","00:53:32.190","00:54:02.110","hw","u","50"
"48032","48","32","27","10","pc","1","pc","00:53:40.590","00:54:02.110","hw","u","50"
"49001","49","1","1","10","pc","1","pc","00:07:06.930","00:22:10.550","hw","c","50"
"49002","49","2","1","10","pc","1","pc","00:22:10.560","00:28:58.750","hw","c","40"
"49003","49","3","2","0","pc","10","pc","00:07:21.980","00:08:20.160","hw","c","50"
"49004","49","4","3","0","pc","10","pc","00:10:46.230","00:15:17.300","hw","c","50"
"49005","49","5","4","0","pc","10","pc","00:17:00.250","00:22:10.550","hw","c","50"
"49006","49","6","4","0","pc","10","pc","00:22:10.560","00:27:36.930","hw","c","40"
"49007","49","7","5","0","pc","10","pc","00:29:20.260","00:30:09.850","hw","c","40"
"49008","49","8","6","10","pc","1","pc","00:29:33.830","00:30:07.220","hw","c","40"
"49009","49","9","7","0","pc","10","pc","00:30:17.510","00:30:46.760","hw","c","40"
"49010","49","10","8","10","pc","1","pc","00:30:22.780","00:30:46.760","hw","c","40"
"49011","49","11","9","0","pc","10","pc","00:30:56.890","00:31:38.890","hw","c","40"
"49012","49","12","10","0","pc","10","pc","00:32:27.240","00:32:50.060","hw","c","40"
"49013","49","13","11","0","pc","10","pc","00:35:31.690","00:36:04.320","is","u","55"
"49014","49","14","12","10","pc","1","pc","00:46:47.030","00:47:22.990","is","u","55"
"49015","49","15","13","0","pc","10","pc","00:50:49.010","00:51:17.240","is","u","55"
"49016","49","16","14","10","pc","1","pc","00:55:12.610","00:56:40.230","is","u","55"
"49017","49","17","15","10","pc","1","pc","00:56:44.530","00:57:33.040","is","u","55"
"49018","49","18","15","10","pc","1","pc","00:57:33.050","00:58:19.930","is","c","55"
"49019","49","19","15","10","pc","1","pc","00:58:19.940","00:58:41.580","is","u","55"
"49020","49","20","16","0","hv","10","pc","00:57:19.310","00:57:33.040","is","u","55"
"49021","49","21","16","0","hv","10","pc","00:57:33.050","00:57:49.110","is","c","55"
"49022","49","22","17","0","hv","10","pc","00:58:25.880","00:59:18.970","is","u","55"
"49023","49","23","18","10","pc","1","pc","00:58:41.290","00:59:30.470","is","u","55"
"49024","49","24","19","10","pc","1","pc","00:59:42.420","01:01:40.280","is","u","55"
"49025","49","25","20","10","pc","1","hv","01:05:52.640","01:06:32.760","is","u","55"
"49026","49","26","21","0","pc","10","pc","01:07:12.350","01:07:51.810","aw","c","55"
"49027","49","27","22","10","pc","1","pc","01:07:28.120","01:08:08.370","aw","c","55"
"49028","49","28","23","0","pc","10","pc","01:08:35.050","01:10:43.240","aw","c","55"
"49029","49","29","24","10","pc","1","pc","01:08:44.820","01:10:43.240","aw","c","55"
"49030","49","30","25","10","pc","1","pc","01:10:57.800","01:11:04.920","tz","c","55"
"49031","49","31","25","10","pc","1","pc","01:11:04.930","01:11:24.870","wz1","c","55"
"49032","49","32","26","0","pc","10","pc","01:11:02.450","01:11:04.920","tz","c","55"
"49033","49","33","26","0","pc","10","pc","01:11:04.930","01:11:29.480","wz1","c","55"
"49034","49","34","27","10","pc","1","pc","01:17:51.490","01:18:15.600","hw","u","40"
"49035","49","35","27","10","pc","1","pc","01:18:15.610","01:19:07.220","hw","u","50"
"49036","49","36","28","0","pc","10","pc","01:18:25.220","01:19:17.500","hw","u","50"
"49037","49","37","29","10","pc","1","pc","01:20:37.480","01:22:43.590","hw","u","50"
"50001","50","1","1","10","pc","1","pc","00:03:52.850","00:04:28.400","hw","u","50"
"50002","50","2","2","0","pc","10","pc","00:07:49.040","00:09:43.220","hw","c","50"
"50003","50","3","3","0","pc","10","pc","00:09:48.420","00:11:20.580","hw","c","50"
"50004","50","4","4","10","pc","1","pc","00:10:27.990","00:11:25.080","hw","c","50"
"50005","50","5","5","0","pc","10","pc","00:11:59.390","00:13:53.700","hw","c","50"
"50006","50","6","5","0","pc","10","pc","00:13:53.710","00:15:41.160","hw","c","40"
"50007","50","7","6","10","pc","1","pc","00:12:25.400","00:13:53.700","hw","c","50"
"50008","50","8","6","10","pc","1","pc","00:13:53.710","00:16:54.900","hw","c","40"
"50009","50","9","7","0","pc","10","pc","00:15:51.850","00:17:30.440","hw","c","40"
"50010","50","10","8","0","pc","10","pc","00:17:35.770","00:19:40.430","hw","c","40"
"50011","50","11","9","10","pc","1","pc","00:20:02.780","00:20:53.520","hw","c","40"
"50012","50","12","10","10","pc","1","pc","00:21:20.250","00:21:44.110","hw","c","40"
"50013","50","13","11","10","pc","1","pc","00:22:42.900","00:23:26.010","hw","c","40"
"50014","50","14","12","0","hv","10","pc","00:26:52.870","00:27:56.670","is","u","55"
"50015","50","15","13","10","pc","1","hv","00:30:04.600","00:31:03.050","is","u","55"
"50016","50","16","14","10","pc","1","pc","00:32:32.670","00:34:06.840","is","u","55"
"50017","50","17","15","0","pc","10","pc","00:33:23.340","00:35:01.180","is","u","55"
"50018","50","18","16","0","pc","10","pc","00:45:01.710","00:46:25.150","is","u","55"
"50019","50","19","17","10","pc","1","pc","00:45:42.790","00:46:22.530","is","u","55"
"50020","50","20","18","10","pc","1","pc","00:47:38.510","00:48:05.350","is","u","55"
"50021","50","21","19","0","pc","10","pc","00:50:26.910","00:50:40.030","aw","c","55"
"50022","50","22","19","0","pc","10","pc","00:50:40.040","00:51:43.130","tz","c","55"
"50023","50","23","20","10","pc","1","pc","00:50:56.460","00:51:47.400","tz","c","55"
"50024","50","24","20","10","pc","1","pc","00:51:47.410","00:52:56.210","wz1","c","55"
"50025","50","25","20","10","pc","1","pc","00:52:56.220","00:53:19.940","is","u","55"
"50026","50","26","20","10","pc","1","pc","00:53:19.950","00:53:36.890","aw","u","55"
"50027","50","27","21","0","pc","10","pc","00:52:14.660","00:52:37.180","wz1","c","55"
"50028","50","28","22","10","pc","1","pc","00:53:33.040","00:54:04.730","aw","u","55"
"50029","50","29","22","10","pc","1","pc","00:54:04.740","00:54:37.950","wz2","u","55"
"50030","50","30","22","10","pc","1","pc","00:54:37.960","00:54:57.580","is","u","55"
"50031","50","31","23","10","pc","1","pc","00:56:04.500","00:56:49.250","is","u","55"
"50032","50","32","24","0","hv","10","pc","00:56:14.400","00:56:49.250","is","u","55"
"50033","50","33","25","0","pc","10","pc","00:58:49.360","00:59:17.310","is","c","55"
"50034","50","34","26","10","pc","1","pc","00:59:33.580","01:02:19.830","is","c","55"
"50035","50","35","27","0","pc","10","pc","00:59:31.620","00:59:44.020","is","c","55"
"50036","50","36","28","0","pc","10","pc","00:59:48.580","01:02:29.370","is","c","55"
"50037","50","37","29","10","pc","1","pc","01:04:17.310","01:05:10.160","hw","c","45"
"50038","50","38","30","0","pc","10","pc","01:04:24.210","01:04:48.360","hw","c","45"
"50039","50","39","31","0","pc","10","pc","01:05:32.430","01:06:25.420","hw","c","45"
"50040","50","40","32","0","pc","10","pc","01:06:45.930","01:07:44.060","hw","c","45"
"50041","50","41","33","10","pc","1","pc","01:07:38.420","01:08:59.870","hw","c","45"
"50042","50","42","34","0","pc","10","pc","01:08:36.870","01:08:59.590","hw","c","45"
"50043","50","43","35","0","pc","10","pc","01:11:13.180","01:12:07.380","hw","u","40"
"50044","50","44","35","0","pc","10","pc","01:12:07.390","01:14:05.860","hw","u","50"
"50045","50","45","36","10","pc","1","pc","01:14:12.230","01:16:32.010","hw","u","50"
"50046","50","46","37","0","pc","10","pc","01:15:34.560","01:17:25.550","hw","u","50"
"51001","51","1","1","10","pc","1","pc","00:04:50.540","00:05:31.230","hw","u","50"
"51002","51","2","2","10","pc","1","pc","00:05:54.740","00:07:27.920","hw","u","50"
"51003","51","3","3","0","pc","10","pc","00:08:10.230","00:14:03.270","hw","c","50"
"51004","51","4","3","0","pc","10","pc","00:14:03.280","00:18:51.970","hw","c","40"
"51005","51","5","4","10","pc","1","pc","00:09:03.030","00:10:30.490","hw","c","50"
"51006","51","6","5","10","pc","1","pc","00:12:36.250","00:13:43.270","hw","c","50"
"51007","51","7","6","10","pc","1","pc","00:14:43.060","00:16:09.580","hw","c","40"
"51008","51","8","7","10","pc","1","pc","00:17:05.230","00:17:49.940","hw","c","40"
"51009","51","9","8","0","pc","10","pc","00:20:23.840","00:24:52.460","hw","c","40"
"51010","51","10","9","10","pc","1","pc","00:20:31.230","00:20:53.490","hw","c","40"
"51011","51","11","10","10","pc","1","pc","00:20:59.570","00:22:01.620","hw","c","40"
"51012","51","12","11","10","pc","1","pc","00:22:36.670","00:23:03.410","hw","c","40"
"51013","51","13","12","10","pc","1","pc","00:26:00.620","00:26:47.330","hw","c","40"
"51014","51","14","13","0","pc","10","pc","00:40:21.070","00:40:51.620","wz2","u","55"
"51015","51","15","14","10","pc","1","pc","00:48:40.670","00:49:41.280","is","c","55"
"51016","51","16","15","10","pc","1","pc","00:48:58.280","00:49:41.778","is","c","55"
"51017","51","17","16","10","pc","1","pc","00:49:55.630","00:51:20.330","is","c","55"
"51018","51","18","17","0","pc","10","pc","00:50:01.200","00:51:20.330","is","c","55"
"51019","51","19","18","0","pc","10","pc","00:53:27.150","00:57:45.870","is","c","55"
"51020","51","20","19","10","pc","1","pc","00:55:02.760","00:56:48.960","is","c","55"
"51021","51","21","20","0","pc","10","pc","00:57:59.030","01:00:24.140","is","c","55"
"51022","51","22","21","10","pc","1","pc","00:58:13.010","00:58:47.850","is","c","55"
"51023","51","23","22","10","pc","1","pc","00:58:49.360","01:00:19.740","is","c","55"
"51024","51","24","23","0","pc","10","pc","01:00:36.500","01:03:58.460","is","c","55"
"51025","51","25","24","10","pc","1","pc","01:00:36.500","01:03:58.460","is","c","55"
"51026","51","26","25","10","pc","1","pc","01:06:41.300","01:07:12.090","is","c","55"
"51027","51","27","26","0","pc","10","pc","01:08:40.210","01:09:24.240","is","c","55"
"51028","51","28","27","10","pc","1","pc","01:08:54.540","01:09:22.510","is","c","55"
"51029","51","29","28","0","pc","10","pc","01:09:59.880","01:10:21.410","is","c","55"
"51030","51","30","29","0","pc","10","pc","01:11:38.500","01:12:08.670","is","c","55"
"51031","51","31","30","0","pc","10","pc","01:12:41.180","01:13:07.280","is","c","55"
"51032","51","32","31","0","pc","10","pc","01:14:25.360","01:18:10.170","is","c","55"
"51033","51","33","32","10","pc","1","pc","01:17:34.020","01:18:10.170","is","c","55"
"51034","51","34","33","10","pc","1","pc","01:24:22.200","01:24:45.730","is","c","55"
"51035","51","35","34","10","pc","1","pc","01:25:08.420","01:26:09.770","is","c","55"
"51036","51","36","35","0","pc","10","pc","01:25:25.640","01:26:09.770","is","c","55"
"51037","51","37","36","10","pc","1","pc","01:26:38.640","01:27:04.510","is","c","55"
"51038","51","38","37","0","pc","10","pc","01:28:16.550","01:29:27.040","is","c","55"
"51039","51","39","38","10","pc","1","pc","01:28:17.530","01:29:40.300","is","c","55"
"51040","51","40","38","10","pc","1","pc","01:29:40.310","01:31:05.340","aw","c","55"
"51041","51","41","39","0","pc","10","pc","01:29:49.620","01:31:05.340","aw","c","55"
"51042","51","42","40","0","pc","10","pc","01:31:14.120","01:32:46.410","aw","c","55"
"51043","51","43","41","10","pc","1","pc","01:31:22.610","01:35:14.620","aw","c","55"
"51044","51","44","42","0","pc","10","pc","01:32:52.110","01:33:43.190","aw","c","55"
"51045","51","45","43","0","pc","10","pc","01:34:12.810","01:35:14.620","aw","c","55"
"51046","51","46","44","0","pc","10","pc","01:36:25.560","01:36:44.700","aw","c","55"
"51047","51","47","44","0","pc","10","pc","01:36:44.710","01:36:52.080","tz","c","55"
"51048","51","48","44","0","pc","10","pc","01:36:52.090","01:36:59.320","wz1","c","55"
"51049","51","49","44","0","pc","10","pc","01:36:59.330","01:37:00.450","is","c","55"
"51050","51","50","45","10","pc","1","pc","01:36:34.000","01:36:44.700","aw","c","55"
"51051","51","51","45","10","pc","1","pc","01:36:44.710","01:36:52.080","tz","c","55"
"51052","51","52","45","10","pc","1","pc","01:36:52.090","01:36:59.320","wz1","c","55"
"51053","51","53","45","10","pc","1","pc","01:36:59.330","01:37:11.890","is","c","55"
"51054","51","54","46","0","pc","10","pc","01:37:10.570","01:37:32.590","is","u","55"
"51055","51","55","47","10","pc","1","pc","01:40:37.720","01:40:58.840","is","u","55"
"51056","51","56","48","0","pc","10","pc","01:40:58.830","01:43:40.880","aw","c","55"
"51057","51","57","49","0","pc","10","pc","01:45:01.230","01:46:07.630","tz","c","55"
"51058","51","58","50","10","pc","1","pc","01:45:05.510","01:45:32.270","tz","c","55"
"51059","51","59","51","0","pc","10","pc","01:46:13.390","01:46:19.640","tz","c","55"
"51060","51","60","51","0","pc","10","pc","01:46:19.650","01:48:46.590","wz1","c","55"
"51061","51","61","52","10","pc","1","pc","01:46:13.390","01:46:19.640","tz","c","55"
"51062","51","62","52","10","pc","1","pc","01:46:19.650","01:48:34.290","wz1","c","55"
"51063","51","63","53","10","pc","1","pc","01:55:44.960","01:56:15.720","hw","u","40"
"51064","51","64","54","10","pc","1","pc","01:57:03.950","01:57:18.370","hw","u","40"
"51065","51","65","55","10","pc","1","pc","01:57:57.620","01:59:08.130","hw","u","50"
"51066","51","66","56","10","pc","1","pc","02:01:48.790","02:02:43.390","hw","u","50"
"52001","52","1","1","0","pc","10","pc","00:03:32.320","00:04:31.820","hw","u","50"
"52002","52","2","2","10","pc","1","pc","00:04:56.600","00:05:22.900","hw","u","50"
"52003","52","3","3","10","pc","1","pc","00:09:36.040","00:10:29.990","hw","c","40"
"52004","52","4","4","10","pc","1","pc","00:10:44.890","00:12:22.870","hw","c","40"
"52005","52","5","5","0","pc","10","pc","00:10:44.890","00:12:22.870","hw","c","40"
"52006","52","6","6","10","pc","1","pc","00:17:03.930","00:17:42.650","is","u","55"
"52007","52","7","7","0","pc","10","pc","00:19:06.200","00:19:26.880","is","u","55"
"52008","52","8","8","0","pc","10","pc","00:20:57.730","00:21:32.460","is","u","55"
"52009","52","9","9","10","pc","1","b","00:24:56.520","00:27:12.970","is","u","55"
"52010","52","10","10","10","pc","1","pc","00:34:09.120","00:34:24.080","is","u","55"
"52011","52","11","11","10","pc","1","pc","00:38:03.080","00:38:48.830","is","u","55"
"52012","52","12","12","0","pc","10","pc","00:43:02.420","00:44:26.510","is","u","55"
"52013","52","13","13","0","pc","10","pc","00:49:50.870","00:50:32.310","hw","c","45"
"52014","52","14","14","10","pc","1","pc","00:50:00.380","00:50:32.310","hw","c","45"
"52015","52","15","15","0","pc","10","pc","00:51:41.210","00:53:00.190","hw","c","45"
"52016","52","16","16","10","pc","1","pc","00:54:41.490","00:56:12.850","hw","u","40"
"52017","52","17","16","10","pc","1","pc","00:56:12.860","00:57:42.270","hw","u","50"
"53001","53","1","1","10","pc","1","pc","00:04:10.140","00:05:34.490","hw","u","50"
"53002","53","2","2","10","pc","1","pc","00:07:51.290","00:08:16.950","hw","u","50"
"53003","53","3","3","10","pc","1","pc","00:08:45.670","00:09:35.540","hw","u","50"
"53004","53","4","3","10","pc","1","pc","00:09:35.550","00:10:11.260","hw","u","40"
"53005","53","5","4","10","pc","1","pc","00:10:51.970","00:11:15.140","hw","u","40"
"53006","53","6","5","10","pc","1","pc","00:13:36.460","00:13:55.430","hw","u","45"
"53007","53","7","6","10","pc","1","pc","00:16:27.880","00:17:00.970","is","u","55"
"53008","53","8","7","10","pc","1","pc","00:19:40.370","00:21:52.490","is","c","55"
"53009","53","9","8","0","pc","10","pc","00:19:43.460","00:20:53.470","is","c","55"
"53010","53","10","9","0","pc","10","pc","00:21:32.360","00:22:29.130","is","c","55"
"53011","53","11","10","10","pc","1","pc","00:22:26.530","00:23:03.440","is","c","55"
"53012","53","12","10","10","pc","1","pc","00:23:03.450","00:23:34.160","aw","c","55"
"53013","53","13","11","0","pc","10","pc","00:23:07.010","00:23:41.680","aw","c","55"
"53014","53","14","12","10","pc","1","pc","00:24:58.200","00:25:09.990","tz","u","55"
"53015","53","15","12","10","pc","1","pc","00:25:10.000","00:25:18.880","wz1","u","55"
"53016","53","16","13","10","pc","1","pc","00:25:27.860","00:26:11.760","wz1","u","55"
"53017","53","17","14","0","pc","10","pc","00:26:34.710","00:26:55.220","wz1","u","55"
"53018","53","18","15","0","pc","10","pc","00:28:57.290","00:29:21.810","is","u","55"
"53019","53","19","16","10","pc","1","pc","00:29:20.920","00:29:52.360","is","u","55"
"53020","53","20","17","0","pc","10","pc","00:32:21.280","00:33:14.740","is","u","55"
"53021","53","21","18","10","pc","1","pc","00:33:15.630","00:33:49.010","is","u","55"
"53022","53","22","19","0","pc","10","pc","00:37:45.600","00:38:04.350","aw","c","55"
"53023","53","23","20","10","pc","1","hv","00:38:34.750","00:39:26.460","wz2","c","55"
"53024","53","24","21","0","pc","10","pc","00:38:34.750","00:39:31.570","wz2","c","55"
"53025","53","25","21","0","pc","10","pc","00:39:31.580","00:40:55.270","is","c","55"
"53026","53","26","22","10","pc","1","hv","00:40:01.560","00:40:51.200","is","c","55"
"53027","53","27","23","10","pc","1","hv","00:41:28.990","00:42:02.490","is","c","55"
"53028","53","28","24","0","pc","10","pc","00:42:54.430","00:44:08.730","is","c","55"
"53029","53","29","25","10","pc","1","hv","00:43:07.910","00:43:31.180","is","c","55"
"53030","53","30","26","0","pc","10","pc","00:43:35.580","00:44:02.130","is","c","55"
"53031","53","31","27","10","pc","1","pc","00:47:15.040","00:47:52.410","is","u","55"
"53032","53","32","28","0","pc","10","pc","00:47:52.410","00:48:45.250","is","u","55"
"53033","53","33","28","0","pc","10","pc","00:48:45.260","00:50:52.240","is","c","55"
"53034","53","34","29","10","pc","1","pc","00:48:15.380","00:48:45.250","is","u","55"
"53035","53","35","29","10","pc","1","pc","00:48:45.260","00:50:51.130","is","c","55"
"53036","53","36","30","10","pc","1","pc","00:52:26.450","00:54:42.310","wz2","c","55"
"53037","53","37","31","10","pc","1","pc","00:56:11.820","00:56:35.390","aw","c","55"
"53038","53","38","32","10","pc","1","pc","00:56:38.930","00:57:03.540","aw","c","55"
"53039","53","39","33","0","pc","10","pc","00:58:16.620","00:58:41.490","aw","c","55"
"53040","53","40","34","10","pc","1","pc","00:58:16.620","00:58:36.220","aw","c","55"
"53041","53","41","35","0","pc","10","pc","00:58:44.600","00:59:00.100","aw","c","55"
"53042","53","42","36","10","pc","1","pc","00:59:19.640","00:59:32.120","is","c","55"
"53043","53","43","37","0","pc","10","pc","00:59:47.460","01:01:06.280","is","c","55"
"53044","53","44","38","10","pc","1","hv","00:59:58.110","01:00:54.030","is","c","55"
"53045","53","45","39","0","pc","10","pc","01:01:35.810","01:02:00.500","is","c","55"
"53046","53","46","40","10","pc","1","pc","01:01:39.510","01:01:58.930","is","c","55"
"53047","53","47","41","10","pc","1","pc","01:05:02.900","01:06:13.540","is","u","55"
"53048","53","48","42","10","pc","1","pc","01:09:07.670","01:09:40.320","is","u","55"
"53049","53","49","43","10","pc","1","pc","01:12:39.600","01:13:17.820","hw","u","40"
"53050","53","50","44","10","pc","1","pc","01:14:36.130","01:15:17.250","hw","u","50"
"53051","53","51","45","10","pc","1","pc","01:16:35.600","01:17:11.220","hw","u","50"
"53052","53","52","46","10","pc","1","pc","01:17:58.430","01:18:13.890","hw","u","50"
"53053","53","53","47","10","pc","1","pc","01:18:58.900","01:20:26.300","hw","u","50"
"54001","54","1","1","10","pc","1","pc","00:04:53.240","00:05:14.700","hw","u","50"
"54002","54","2","2","10","pc","1","pc","00:06:38.980","00:07:12.310","hw","u","50"
"54003","54","3","3","10","pc","1","pc","00:08:45.810","00:09:01.330","hw","u","50"
"54004","54","4","4","0","pc","10","pc","00:13:14.870","00:14:10.380","hw","u","45"
"54005","54","5","5","10","pc","1","pc","00:13:51.210","00:14:32.900","hw","u","45"
"54006","54","6","6","10","pc","1","pc","00:14:53.900","00:15:53.260","is","u","55"
"54007","54","7","7","10","pc","1","pc","00:18:27.610","00:20:05.070","is","u","55"
"54008","54","8","7","10","pc","1","pc","00:20:05.080","00:20:40.390","aw","u","55"
"54009","54","9","8","10","pc","1","pc","00:20:42.360","00:21:35.110","wz2","u","55"
"54010","54","10","9","0","pc","10","pc","00:21:28.850","00:21:56.590","is","u","55"
"54011","54","11","10","10","pc","1","pc","00:21:39.680","00:22:07.400","is","u","55"
"54012","54","12","11","10","pc","1","pc","00:22:09.250","00:22:36.800","is","u","55"
"54013","54","13","12","10","pc","1","pc","00:22:48.320","00:23:11.680","is","u","55"
"54014","54","14","13","0","pc","10","pc","00:22:48.320","00:23:15.230","is","u","55"
"54015","54","15","14","10","pc","1","pc","00:24:34.830","00:25:46.260","is","u","55"
"54016","54","16","15","0","pc","10","pc","00:26:31.470","00:26:54.690","wz2","u","55"
"54017","54","17","15","0","pc","10","pc","00:26:54.700","00:27:20.310","is","u","55"
"54018","54","18","16","10","pc","1","pc","00:26:54.700","00:27:21.310","is","u","55"
"54019","54","19","17","0","pc","10","pc","00:33:15.360","00:33:34.150","is","u","55"
"54020","54","20","18","10","pc","1","pc","00:36:43.610","00:37:11.080","is","u","55"
"54021","54","21","19","10","pc","1","pc","00:38:04.580","00:38:21.360","is","u","55"
"54022","54","22","20","10","pc","1","pc","00:40:34.060","00:41:15.820","wz2","u","55"
"54023","54","23","20","10","pc","1","pc","00:41:15.830","00:42:25.160","is","u","55"
"54024","54","24","21","10","pc","1","pc","00:43:00.930","00:45:11.290","is","u","55"
"54025","54","25","22","0","pc","10","pc","00:44:29.040","00:45:37.310","is","u","55"
"54026","54","26","23","10","pc","1","pc","00:45:17.880","00:46:32.860","is","u","55"
"54027","54","27","24","0","pc","10","pc","00:46:38.880","00:47:02.350","is","u","55"
"54028","54","28","25","10","pc","1","pc","00:48:21.270","00:48:43.930","hw","u","45"
"54029","54","29","26","10","pc","1","pc","00:54:40.380","00:57:11.030","hw","u","50"
"54030","54","30","27","0","pc","10","pc","00:56:05.840","00:57:11.030","hw","u","50"
"54031","54","31","28","10","pc","1","pc","00:57:17.630","00:58:41.140","hw","u","50"
"55001","55","1","1","10","pc","1","pc","00:03:45.010","00:04:34.250","hw","u","50"
"55002","55","2","2","10","pc","1","pc","00:07:17.220","00:08:41.840","hw","u","50"
"55003","55","3","2","10","pc","1","pc","00:08:41.850","00:08:48.420","hw","u","40"
"55004","55","4","3","10","pc","1","pc","00:13:20.190","00:14:07.490","hw","u","45"
"55005","55","5","4","10","pc","1","pc","00:14:21.530","00:14:55.980","is","u","55"
"55006","55","6","5","0","pc","10","pc","00:18:55.340","00:19:12.720","is","u","55"
"55007","55","7","6","10","pc","1","pc","00:19:54.470","00:20:09.270","is","u","55"
"55008","55","8","7","0","pc","10","pc","00:19:54.470","00:20:09.270","is","u","55"
"55009","55","9","8","0","pc","10","pc","00:20:10.310","00:20:28.140","is","u","55"
"55010","55","10","9","10","pc","1","pc","00:20:48.010","00:21:05.050","is","u","55"
"55011","55","11","10","10","pc","1","pc","00:24:24.370","00:24:58.460","is","u","55"
"55012","55","12","11","10","pc","1","pc","00:25:55.720","00:26:16.440","is","u","55"
"55013","55","13","12","0","pc","10","pc","00:26:51.440","00:26:56.960","wz2","u","55"
"55014","55","14","12","0","pc","10","pc","00:25:56.970","00:27:07.380","is","u","55"
"55015","55","15","13","10","pc","1","pc","00:27:41.440","00:28:21.690","is","c","55"
"55016","55","16","14","0","pc","10","pc","00:27:41.440","00:28:55.220","is","c","55"
"55017","55","17","15","0","pc","10","pc","00:29:15.480","00:30:46.890","is","c","55"
"55018","55","18","16","10","pc","1","pc","00:30:08.960","00:30:45.070","is","c","55"
"55019","55","19","17","10","pc","1","pc","00:31:08.910","00:34:38.570","is","c","55"
"55020","55","20","18","0","pc","10","pc","00:31:25.740","00:31:57.440","is","c","55"
"55021","55","21","19","0","pc","10","pc","00:32:01.310","00:32:42.410","is","c","55"
"55022","55","22","20","0","pc","10","pc","00:32:43.210","00:34:38.570","is","c","55"
"55023","55","23","21","0","pc","10","pc","00:40:51.690","00:42:16.840","is","c","55"
"55024","55","24","22","10","pc","1","pc","00:41:01.190","00:42:10.100","is","c","55"
"55025","55","25","23","0","pc","10","pc","00:42:33.000","00:43:47.800","is","c","55"
"55026","55","26","24","10","pc","1","pc","00:43:07.670","00:43:38.700","is","c","55"
"55027","55","27","25","0","pc","10","pc","00:43:58.480","00:44:34.230","is","u","55"
"55028","55","28","26","10","pc","1","pc","00:43:58.480","00:44:39.730","is","u","55"
"55029","55","29","27","10","pc","1","pc","00:45:28.850","00:45:47.050","is","u","55"
"55030","55","30","28","10","pc","1","pc","00:46:19.970","00:46:34.230","is","u","55"
"55031","55","31","29","10","pc","1","pc","00:46:39.690","00:46:59.660","is","u","55"
"55032","55","32","30","10","pc","1","pc","00:47:56.380","00:48:10.850","is","u","55"
"55033","55","33","31","0","pc","10","pc","00:47:56.380","00:48:17.100","is","u","55"
"55034","55","34","32","10","pc","1","pc","00:48:17.100","00:49:07.520","is","u","55"
"55035","55","35","33","10","pc","1","pc","00:49:57.640","00:50:27.710","is","u","55"
"55036","55","36","34","0","pc","10","pc","00:53:00.020","00:53:20.800","is","u","55"
"55037","55","37","35","0","pc","10","pc","00:52:32.330","00:54:29.250","is","u","55"
"55038","55","38","36","10","pc","1","pc","00:54:13.800","00:54:32.280","is","u","55"
"55039","55","39","37","10","pc","1","pc","00:54:46.390","00:55:17.140","is","u","55"
"55040","55","40","38","10","pc","1","pc","01:00:29.590","01:00:42.100","hw","u","40"
"55041","55","41","38","10","pc","1","pc","01:00:42.110","01:01:11.590","hw","u","50"
"55042","55","42","39","10","pc","1","pc","01:01:13.910","01:04:50.180","hw","u","51"
"55043","55","43","40","10","pc","1","pc","01:05:31.150","01:06:28.640","hw","u","52"
"56001","56","1","1","10","pc","1","pc","00:04:33.330","00:05:13.670","hw","u","50"
"56002","56","2","2","10","pc","1","pc","00:06:23.570","00:08:01.500","hw","u","50"
"56003","56","3","3","10","pc","1","pc","00:08:19.460","00:09:27.440","hw","u","50"
"56004","56","4","3","10","pc","1","pc","00:09:27.450","00:10:24.200","hw","u","40"
"56005","56","5","4","10","pc","1","pc","00:10:27.190","00:10:56.370","hw","u","40"
"56006","56","6","5","10","pc","1","pc","00:11:22.480","00:12:42.980","hw","u","40"
"56007","56","7","6","10","pc","1","pc","00:19:27.910","00:19:45.780","is","u","55"
"56008","56","8","7","10","pc","1","pc","00:19:46.710","00:20:13.350","is","u","55"
"56009","56","9","8","10","pc","1","pc","00:20:23.180","00:20:43.090","is","u","55"
"56010","56","10","9","0","pc","10","pc","00:21:27.750","00:23:10.150","is","u","55"
"56011","56","11","10","10","pc","1","pc","00:21:42.310","00:25:25.260","is","u","55"
"56012","56","12","11","10","pc","1","pc","00:35:13.330","00:36:25.690","is","u","55"
"56013","56","13","12","10","pc","1","pc","00:37:27.520","00:38:13.730","is","u","55"
"56014","56","14","13","10","pc","1","pc","00:38:24.160","00:40:00.480","is","u","55"
"56015","56","15","14","10","pc","1","pc","00:40:20.540","00:40:41.600","is","u","55"
"56016","56","16","15","10","pc","1","pc","00:40:46.810","00:41:08.960","is","u","55"
"56017","56","17","16","10","pc","1","pc","00:41:44.970","00:42:11.980","is","u","55"
"56018","56","18","17","10","pc","1","pc","00:42:39.920","00:43:32.290","is","u","55"
"56019","56","19","18","10","pc","1","pc","00:44:12.430","00:45:08.890","is","u","55"
"56020","56","20","19","10","pc","1","pc","00:47:01.380","00:47:24.280","is","u","55"
"56021","56","21","20","10","pc","1","pc","00:47:44.920","00:48:05.020","is","u","55"
"56022","56","22","21","10","pc","1","pc","00:49:31.810","00:49:56.180","is","u","55"
"56023","56","23","22","0","pc","10","pc","00:50:15.940","00:50:44.460","is","c","55"
"56024","56","24","23","10","pc","1","pc","00:50:41.030","00:51:10.900","is","c","55"
"56025","56","25","24","0","pc","10","pc","00:50:46.400","00:51:34.340","is","c","55"
"56026","56","26","25","0","pc","10","pc","00:51:36.200","00:52:43.650","is","c","55"
"56027","56","27","26","10","pc","1","pc","00:51:38.920","00:53:37.200","is","c","55"
"56028","56","28","27","0","pc","10","pc","00:52:46.970","00:53:37.200","is","c","55"
"56029","56","29","28","10","pc","1","pc","00:52:57.990","00:53:27.560","is","c","55"
"56030","56","30","29","10","pc","1","pc","00:53:31.330","00:55:35.010","is","c","55"
"56031","56","31","30","0","pc","10","pc","00:53:39.350","00:54:22.570","is","c","55"
"56032","56","32","31","10","pc","1","pc","00:55:52.570","00:56:30.080","is","c","55"
"57001","57","1","1","0","pc","10","pc","00:06:56.400","00:09:44.140","hw","c","50"
"57002","57","2","2","0","pc","10","pc","00:12:13.980","00:12:27.120","hw","c","50"
"57003","57","3","3","0","pc","10","pc","00:14:26.910","00:15:44.160","hw","c","50"
"57004","57","4","4","10","pc","1","pc","00:14:26.910","00:15:36.620","hw","c","50"
"57005","57","5","5","0","pc","10","pc","00:16:25.620","00:17:03.810","hw","c","50"
"57006","57","6","6","0","pc","10","pc","00:17:33.050","00:18:00.810","hw","c","50"
"57007","57","7","7","10","pc","1","pc","00:17:47.200","00:21:39.330","hw","c","50"
"57008","57","8","7","10","pc","1","pc","00:21:39.340","00:21:30.110","hw","c","40"
"57009","57","9","8","0","pc","10","pc","00:18:33.300","00:19:41.980","hw","c","50"
"57010","57","10","9","0","pc","10","pc","00:20:16.990","00:21:13.790","hw","c","50"
"57011","57","11","10","0","pc","10","pc","00:21:39.340","00:22:47.610","hw","c","40"
"57012","57","12","11","0","pc","10","pc","00:23:15.010","00:24:14.760","hw","c","40"
"57013","57","13","12","10","pc","1","pc","00:23:17.100","00:25:23.190","hw","c","40"
"57014","57","14","13","0","pc","10","pc","00:24:21.350","00:25:11.900","hw","c","40"
"57015","57","15","14","0","pc","10","pc","00:25:23.890","00:25:35.290","hw","c","40"
"57016","57","16","15","0","pc","10","pc","00:25:44.560","00:26:36.540","hw","c","40"
"57017","57","17","16","10","pc","1","pc","00:25:55.350","00:26:03.680","hw","c","40"
"57018","57","18","17","10","pc","1","pc","00:26:07.500","00:26:18.130","hw","c","40"
"57019","57","19","18","0","pc","10","pc","00:26:39.680","00:26:54.760","hw","c","40"
"57020","57","20","19","0","pc","10","pc","00:27:06.230","00:27:36.620","hw","c","40"
"57021","57","21","20","10","pc","1","pc","00:27:57.780","00:28:13.210","hw","c","40"
"57022","57","22","21","10","pc","1","pc","00:28:19.800","00:28:31.950","hw","c","40"
"57023","57","23","22","0","pc","10","pc","00:28:19.800","00:28:34.200","hw","c","40"
"57024","57","24","23","10","pc","1","pc","00:28:39.600","00:28:55.060","hw","c","40"
"57025","57","25","24","0","pc","10","pc","00:28:42.590","00:29:21.140","hw","c","40"
"57026","57","26","25","10","pc","1","pc","00:29:51.720","00:30:05.410","hw","u","40"
"57027","57","27","26","10","pc","1","pc","00:31:00.000","00:31:32.830","hw","c","40"
"57028","57","28","27","0","pc","10","pc","00:31:07.270","00:31:35.160","hw","c","40"
"57029","57","29","28","0","pc","10","pc","00:32:28.970","00:32:55.890","hw","c","40"
"57030","57","30","29","0","pc","10","pc","00:33:08.970","00:33:26.270","hw","u","40"
"57031","57","31","30","10","pc","1","pc","00:36:46.010","00:37:46.090","is","u","55"
"57032","57","32","31","10","pc","1","pc","00:37:53.380","00:38:37.350","is","u","55"
"57033","57","33","32","0","pc","10","pc","00:39:17.960","00:40:08.400","is","u","55"
"57034","57","34","33","10","pc","1","pc","00:42:05.110","00:42:22.660","wz2","u","55"
"57035","57","35","34","10","pc","1","pc","00:46:27.510","00:46:48.390","is","u","55"
"57036","57","36","35","10","pc","1","pc","00:47:05.120","00:47:28.080","is","u","55"
"57037","57","37","36","10","pc","1","pc","00:47:47.170","00:49:30.940","is","u","55"
"57038","57","38","37","0","pc","10","pc","00:53:11.650","00:53:59.670","is","u","55"
"57039","57","39","38","10","pc","1","pc","00:57:56.000","00:58:28.080","is","u","55"
"57040","57","40","39","0","pc","10","pc","00:58:29.100","01:01:00.240","is","u","55"
"57041","57","41","40","10","pc","1","pc","00:59:43.360","01:00:36.620","is","u","55"
"57042","57","42","41","10","pc","1","pc","01:03:15.350","01:03:40.340","is","u","55"
"57043","57","43","42","0","hv","10","pc","01:03:49.760","01:04:17.390","is","u","55"
"57044","57","44","43","0","pc","10","pc","01:05:50.050","01:06:39.230","is","u","55"
"57045","57","45","44","10","pc","1","pc","01:06:15.620","01:06:39.230","is","u","55"
"57046","57","46","45","10","pc","1","pc","01:06:46.250","01:07:39.060","is","u","55"
"57047","57","47","46","0","pc","10","pc","01:11:40.690","01:12:00.020","hw","u","45"
"57048","57","48","47","0","pc","10","pc","01:12:08.720","01:12:33.330","hw","u","45"
"57049","57","49","48","10","pc","1","pc","01:16:56.330","01:18:13.240","hw","u","50"
"57050","57","50","49","10","pc","1","pc","01:18:32.800","01:19:36.890","hw","u","50"
"57051","57","51","50","0","pc","10","pc","01:19:02.660","01:21:04.340","hw","u","50"
"58001","58","1","1","0","pc","10","pc","00:10:51.260","00:11:36.850","hw","u","50"
"58002","58","2","2","10","pc","1","pc","00:10:57.770","00:11:17.240","hw","u","50"
"58003","58","3","3","10","pc","1","pc","00:11:22.980","00:12:13.150","hw","u","50"
"58004","58","4","4","10","pc","1","pc","00:14:55.820","00:16:00.460","hw","u","45"
"58005","58","5","5","10","pc","1","pc","00:16:52.930","00:17:16.300","is","u","55"
"58006","58","6","6","10","pc","1","pc","00:19:10.780","00:20:01.660","is","u","55"
"58007","58","7","7","10","pc","1","pc","00:23:09.100","00:23:34.980","tz","u","55"
"58008","58","8","7","10","pc","1","pc","00:23:34.990","00:24:08.800","wz1","u","55"
"58009","58","9","8","10","pc","1","pc","00:30:26.420","00:30:50.840","is","u","55"
"58010","58","10","9","10","pc","1","hv","00:36:04.760","00:36:50.190","is","u","55"
"58011","58","11","10","10","pc","1","hv","00:37:22.650","00:38:02.430","is","u","55"
"58012","58","12","11","0","pc","10","pc","00:39:03.450","00:39:32.800","is","u","55"
"58013","58","13","12","10","pc","1","hv","00:39:10.450","00:39:32.800","is","u","55"
"58014","58","14","13","10","pc","1","pc","00:40:29.660","00:40:42.940","is","u","55"
"58015","58","15","13","10","pc","1","pc","00:40:42.950","00:40:57.340","wz2","u","55"
"58016","58","16","14","10","pc","1","pc","00:41:24.800","00:42:06.040","is","u","55"
"58017","58","17","14","10","pc","1","pc","00:42:06.050","00:42:28.240","aw","u","55"
"58018","58","18","14","10","pc","1","pc","00:42:28.250","00:42:35.640","wz2","u","55"
"58019","58","19","15","10","pc","1","pc","00:43:09.860","00:43:29.080","wz2","u","55"
"58020","58","20","15","10","pc","1","pc","00:43:29.090","00:43:48.360","is","u","55"
"58021","58","21","16","10","pc","1","pc","00:44:33.590","00:46:40.010","is","u","55"
"58022","58","22","17","0","pc","10","pc","00:47:30.670","00:48:14.230","is","u","55"
"58023","58","23","18","0","pc","10","pc","00:48:25.650","00:48:48.200","is","u","55"
"58024","58","24","19","10","pc","1","pc","00:48:49.590","00:49:20.700","is","u","55"
"58025","58","25","20","0","pc","10","pc","00:50:12.100","00:51:40.540","hw","u","45"
"58026","58","26","21","10","pc","1","pc","00:50:12.100","00:50:33.840","hw","u","45"
"58027","58","27","22","0","pc","10","pc","00:56:46.730","00:58:23.800","hw","u","50"
"58028","58","28","23","10","pc","1","pc","00:58:35.940","00:59:18.920","hw","u","50"
"58029","58","29","24","10","pc","1","pc","00:59:33.930","00:59:57.350","hw","u","50"
"59001","59","1","1","0","pc","10","pc","00:04:45.020","00:05:11.270","hw","u","50"
"59002","59","2","2","0","pc","10","pc","00:07:51.410","00:08:10.980","hw","u","50"
"59003","59","3","3","10","pc","1","pc","00:07:51.410","00:08:07.990","hw","u","50"
"59004","59","4","4","0","pc","10","pc","00:08:43.190","00:09:07.000","hw","u","50"
"59005","59","5","4","0","pc","10","pc","00:09:07.050","00:11:06.210","hw","u","40"
"59006","59","6","5","10","pc","1","pc","00:09:30.120","00:09:56.060","hw","u","40"
"59007","59","7","6","10","pc","1","pc","00:10:26.280","00:11:06.210","hw","u","40"
"59008","59","8","7","0","pc","10","pc","00:11:34.340","00:12:21.200","hw","u","40"
"59009","59","9","8","0","pc","10","pc","00:15:15.150","00:16:55.900","is","u","55"
"59010","59","10","9","0","hv","10","pc","00:18:08.320","00:18:38.460","tz","u","55"
"59011","59","11","9","0","hv","10","pc","00:18:38.470","00:19:18.460","tz","c","55"
"59012","59","12","9","0","hv","10","pc","00:19:18.470","00:19:55.280","tz","u","55"
"59013","59","13","9","0","hv","10","pc","00:19:55.290","00:20:04.910","wz1","u","55"
"59014","59","14","9","0","hv","10","pc","00:20:04.920","00:21:25.290","is","u","55"
"59015","59","15","9","0","hv","10","pc","00:21:25.300","00:21:58.630","aw","u","55"
"59016","59","16","10","10","pc","1","pc","00:18:10.780","00:18:38.310","tz","u","55"
"59017","59","17","11","10","pc","1","pc","00:19:57.990","00:20:04.910","wz1","u","55"
"59018","59","18","11","10","pc","1","pc","00:20:04.920","00:21:25.290","is","u","55"
"59019","59","19","11","10","pc","1","pc","00:21:25.300","00:21:37.610","aw","u","55"
"59020","59","20","12","10","pc","1","pc","00:23:19.310","00:24:22.040","is","u","55"
"59021","59","21","13","0","pc","10","pc","00:23:34.360","00:24:18.380","is","u","55"
"59022","59","22","14","10","pc","1","pc","00:24:54.550","00:25:37.630","is","u","55"
"59023","59","23","15","0","pc","10","pc","00:25:30.270","00:25:59.240","is","u","55"
"59024","59","24","16","0","hv","10","pc","00:26:49.830","00:27:25.760","is","u","55"
"59025","59","25","17","0","pc","10","pc","00:28:05.990","00:28:24.180","is","u","55"
"59026","59","26","18","0","pc","10","pc","00:29:40.460","00:30:25.730","is","u","55"
"59027","59","27","19","0","pc","10","pc","00:33:42.940","00:34:03.320","is","c","55"
"59028","59","28","20","10","pc","1","pc","00:35:22.610","00:35:58.550","is","c","55"
"59029","59","29","21","0","pc","10","pc","00:35:39.190","00:42:02.770","is","c","55"
"59030","59","30","22","10","pc","1","pc","00:36:01.150","00:36:33.220","is","c","55"
"59031","59","31","23","10","pc","1","pc","00:37:06.610","00:37:33.570","is","c","55"
"59032","59","32","24","10","pc","1","pc","00:38:32.160","00:41:53.370","is","c","55"
"59033","59","33","25","10","pc","1","pc","00:42:09.550","00:43:24.500","is","c","55"
"59034","59","34","26","0","pc","10","pc","00:42:38.200","00:44:08.730","is","c","55"
"59035","59","35","27","10","pc","1","pc","00:43:54.770","00:45:40.020","is","c","55"
"59036","59","36","28","0","pc","10","pc","00:46:17.040","00:47:10.500","is","u","55"
"59037","59","37","29","0","pc","10","pc","00:48:07.260","00:49:01.440","is","u","55"
"59038","59","38","30","10","pc","1","pc","00:49:29.920","00:49:57.330","is","u","55"
"59039","59","39","30","10","pc","1","pc","00:49:57.340","00:50:10.780","aw","u","55"
"59040","59","40","31","0","pc","10","pc","00:49:36.480","00:49:57.330","is","u","55"
"59041","59","41","31","0","pc","10","pc","00:49:57.340","00:50:28.000","aw","u","55"
"59042","59","42","31","0","pc","10","pc","00:50:28.010","00:50:56.970","wz2","u","55"
"59043","59","43","31","0","pc","10","pc","00:50:56.980","00:52:52.530","is","u","55"
"59044","59","44","32","0","pc","10","pc","00:53:23.270","00:54:27.420","is","u","55"
"59045","59","45","33","0","pc","10","pc","00:54:58.650","00:56:00.010","is","u","55"
"59046","59","46","34","10","pc","1","pc","00:55:52.860","00:56:28.940","is","u","55"
"59047","59","47","35","0","pc","10","pc","00:56:16.350","00:56:41.790","is","u","55"
"59048","59","48","36","0","pc","10","pc","01:00:41.970","01:01:24.360","hw","u","40"
"59049","59","49","37","10","pc","1","pc","01:00:41.970","01:01:33.470","hw","u","40"
"59050","59","50","38","0","pc","10","pc","01:03:17.880","01:05:23.850","hw","u","50"
"59051","59","51","39","10","pc","1","hv","01:03:33.470","01:03:53.230","hw","u","50"
"59052","59","52","40","10","pc","1","hv","01:05:15.340","01:07:47.910","hw","u","50"
"59053","59","53","41","0","pc","10","pc","01:05:38.680","01:07:40.390","hw","u","50"
"60001","60","1","1","0","pc","10","pc","00:09:14.900","00:10:05.960","hw","u","50"
"60002","60","2","1","0","pc","10","pc","00:10:05.970","00:10:53.970","hw","u","40"
"60003","60","3","2","10","pc","1","b","00:10:26.160","00:10:57.380","hw","u","40"
"60004","60","4","3","10","pc","1","pc","00:11:07.940","00:11:31.390","hw","u","40"
"60005","60","5","4","10","pc","1","pc","00:12:35.850","00:12:55.850","hw","u","40"
"60006","60","6","5","0","pc","10","pc","00:15:52.020","00:16:13.120","is","u","55"
"60007","60","7","6","0","pc","10","pc","00:16:21.130","00:10:09.260","is","u","55"
"60008","60","8","7","10","pc","1","pc","00:17:07.390","00:17:21.820","is","u","55"
"60009","60","9","8","0","pc","10","pc","00:17:32.190","00:18:11.700","is","u","55"
"60010","60","10","9","0","pc","10","pc","00:19:12.630","00:20:19.250","wz1","u","55"
"60011","60","11","9","0","pc","10","pc","00:20:19.260","00:20:46.560","is","u","55"
"60012","60","12","10","10","pc","1","pc","00:20:12.260","00:20:19.250","wz1","u","55"
"60013","60","13","10","10","pc","1","pc","00:20:19.260","00:20:31.620","is","u","55"
"60014","60","14","11","0","pc","10","pc","00:22:33.990","00:22:57.450","aw","u","55"
"60015","60","15","12","10","pc","1","pc","00:23:08.270","00:23:20.940","tz","u","55"
"60016","60","16","12","10","pc","1","pc","00:23:20.950","00:23:35.410","wz1","u","55"
"60017","60","17","13","10","pc","1","pc","00:25:23.770","00:25:48.950","is","u","55"
"60018","60","18","14","0","pc","10","pc","00:25:48.990","00:26:14.600","is","u","55"
"60019","60","19","15","0","pc","10","pc","00:33:27.580","00:33:44.540","is","c","55"
"60020","60","20","16","10","pc","1","pc","00:33:27.580","00:33:47.450","is","c","55"
"60021","60","21","17","0","pc","10","pc","00:33:53.840","00:34:56.130","is","c","55"
"60022","60","22","18","10","pc","1","pc","00:34:16.440","00:35:07.010","is","c","55"
"60023","60","23","19","0","pc","10","pc","00:35:17.210","00:36:30.420","is","c","55"
"60024","60","24","20","10","pc","1","pc","00:35:37.370","00:36:12.900","is","c","55"
"60025","60","25","21","10","pc","1","pc","00:36:37.640","00:39:26.380","is","c","55"
"60026","60","26","22","0","pc","10","pc","00:36:42.650","00:43:15.640","is","c","55"
"60027","60","27","22","0","pc","10","pc","00:43:15.650","00:43:54.110","aw","c","55"
"60028","60","28","23","10","pc","1","pc","00:39:52.230","00:40:14.870","is","c","55"
"60029","60","29","24","10","pc","1","pc","00:40:23.310","00:40:57.270","is","c","55"
"60030","60","30","25","10","pc","1","pc","00:40:59.260","00:42:01.270","is","c","55"
"60031","60","31","26","0","hv","10","pc","00:46:17.640","00:46:39.290","is","u","55"
"60032","60","32","27","0","hv","10","pc","00:48:13.360","00:48:52.430","is","u","55"
"60033","60","33","27","0","hv","10","pc","00:48:52.440","00:48:59.240","aw","u","55"
"60034","60","34","28","10","pc","1","pc","00:49:07.250","00:49:26.380","aw","u","55"
"60035","60","35","28","10","pc","1","pc","00:49:26.390","00:49:35.820","wz2","u","55"
"60036","60","36","29","0","pc","10","pc","00:49:45.030","00:50:06.430","is","u","55"
"60037","60","37","30","10","pc","1","pc","00:49:47.510","00:51:26.150","is","u","55"
"60038","60","38","31","0","pc","10","pc","00:53:07.590","00:53:30.480","is","u","55"
"60039","60","39","32","10","pc","1","pc","00:53:21.630","00:53:42.620","is","u","55"
"60040","60","40","33","10","pc","1","pc","00:55:16.340","00:55:37.040","is","u","55"
"60041","60","41","34","0","pc","10","pc","00:56:35.630","00:57:17.640","hw","u","45"
"60042","60","42","35","0","pc","10","pc","00:59:22.020","01:00:10.120","hw","u","40"
"60043","60","43","36","0","pc","10","pc","01:00:46.010","01:02:32.820","hw","u","50"
"60044","60","44","37","0","pc","10","pc","01:03:07.870","01:04:24.710","hw","u","50"
"60045","60","45","38","0","pc","10","pc","01:04:49.160","01:05:10.380","hw","u","50"
"60046","60","46","39","10","pc","1","pc","01:05:22.610","01:05:37.830","hw","u","50"
"61001","61","1","1","10","pc","1","pc","00:06:09.710","00:06:28.780","hw","u","50"
"61002","61","2","2","10","pc","1","pc","00:08:48.830","00:10:16.650","hw","c","40"
"61003","61","3","3","0","pc","10","pc","00:08:55.410","00:09:15.500","hw","c","40"
"61004","61","4","4","0","pc","10","pc","00:09:52.520","00:11:02.240","hw","c","40"
"61005","61","5","5","10","pc","1","pc","00:10:54.500","00:11:07.240","hw","c","40"
"61006","61","6","6","0","pc","10","pc","00:11:22.860","00:11:51.320","hw","u","40"
"61007","61","7","7","10","pc","1","pc","00:12:16.150","00:12:37.750","hw","u","40"
"61008","61","8","8","10","pc","1","pc","00:12:53.940","00:13:06.010","hw","u","40"
"61009","61","9","9","0","pc","10","pc","00:19:56.680","00:20:01.540","is","u","55"
"61010","61","10","9","0","pc","10","pc","00:20:01.550","00:20:43.840","aw","u","55"
"61011","61","11","9","0","pc","10","pc","00:20:43.850","00:21:31.810","wz2","u","55"
"61012","61","12","9","0","pc","10","pc","00:21:31.820","00:24:46.940","is","u","55"
"61013","61","13","10","10","pc","1","pc","00:22:16.730","00:22:37.130","is","u","55"
"61014","61","14","11","10","pc","1","pc","00:23:40.740","00:23:53.700","is","u","55"
"61015","61","15","12","0","pc","10","pc","00:25:12.620","00:25:31.340","is","u","55"
"61016","61","16","13","0","pc","10","pc","00:25:38.230","00:25:48.740","is","u","55"
"61017","61","17","13","0","pc","10","pc","00:25:48.750","00:26:12.620","aw","u","55"
"61018","61","18","13","0","pc","10","pc","00:26:12.630","00:26:27.010","tz","u","55"
"61019","61","19","13","0","pc","10","pc","00:26:27.020","00:26:41.890","wz1","u","55"
"61020","61","20","13","0","pc","10","pc","00:26:41.900","00:27:31.930","is","u","55"
"61021","61","21","14","10","pc","1","pc","00:26:12.630","00:26:26.280","tz","u","55"
"61022","61","22","15","10","pc","1","hv","00:26:35.850","00:26:41.890","wz1","u","55"
"61023","61","23","15","10","pc","1","hv","00:26:41.900","00:27:31.930","is","u","55"
"61024","61","24","16","0","pc","10","pc","00:27:47.190","00:28:03.830","is","u","55"
"61025","61","25","17","0","pc","10","pc","00:31:16.210","00:31:39.510","is","u","55"
"61026","61","26","18","0","pc","10","pc","00:31:46.220","00:32:14.360","is","u","55"
"61027","61","27","19","10","pc","1","pc","00:31:46.220","00:32:14.360","is","u","55"
"61028","61","28","20","10","pc","1","pc","00:32:19.040","00:32:56.070","is","u","55"
"61029","61","29","21","0","pc","10","pc","00:32:57.870","00:33:15.900","is","u","55"
"61030","61","30","22","10","pc","1","pc","00:33:26.550","00:36:05.190","is","c","55"
"61031","61","31","23","0","pc","10","pc","00:33:55.020","00:36:12.370","is","c","55"
"61032","61","32","24","10","pc","1","pc","00:36:27.080","00:36:46.900","is","c","55"
"61033","61","33","24","10","pc","1","pc","00:36:46.910","00:37:04.160","is","u","55"
"61034","61","34","25","0","pc","10","pc","00:38:15.410","00:39:05.640","is","u","55"
"61035","61","35","25","0","pc","10","pc","00:39:05.650","00:39:40.130","wz2","u","55"
"61036","61","36","25","0","pc","10","pc","00:39:40.140","00:40:54.120","is","u","55"
"61037","61","37","25","0","pc","10","pc","00:40:54.130","00:41:12.480","aw","u","55"
"61038","61","38","25","0","pc","10","pc","00:41:12.490","00:41:50.530","wz2","u","55"
"61039","61","39","26","10","pc","1","pc","00:38:15.410","00:39:05.640","is","u","55"
"61040","61","40","26","10","pc","1","pc","00:39:05.650","00:39:40.130","wz2","u","55"
"61041","61","41","26","10","pc","1","pc","00:39:40.140","00:40:53.580","is","u","55"
"61042","61","42","27","10","pc","1","pc","00:41:35.940","00:41:50.530","wz2","u","55"
"61043","61","43","27","10","pc","1","pc","00:41:50.540","00:43:50.630","is","u","55"
"61044","61","44","28","0","pc","10","pc","00:41:50.830","00:43:10.550","is","u","55"
"61045","61","45","29","0","pc","10","pc","00:43:14.510","00:43:50.350","is","u","55"
"61046","61","46","30","10","pc","1","pc","00:43:53.980","00:45:51.760","is","u","55"
"61047","61","47","31","0","pc","10","pc","00:45:11.030","00:45:37.510","is","u","55"
"61048","61","48","32","0","pc","10","pc","00:46:01.700","00:46:19.990","is","u","55"
"61049","61","49","33","10","pc","1","pc","00:46:01.700","00:46:27.090","is","u","55"
"61050","61","50","34","0","pc","10","pc","00:48:34.630","00:49:30.010","hw","c","45"
"61051","61","51","35","10","pc","1","pc","00:48:59.720","00:49:30.010","hw","c","45"
"61052","61","52","36","10","pc","1","pc","00:50:25.550","00:50:39.220","hw","u","40"
"61053","61","53","37","0","pc","10","pc","00:51:49.000","00:51:59.720","hw","u","40"
"61054","61","54","37","0","pc","10","pc","00:51:59.730","00:52:27.320","hw","u","50"
"61055","61","55","38","10","pc","1","pc","00:51:54.220","00:51:59.720","hw","u","40"
"61056","61","56","38","10","pc","1","pc","00:51:59.730","00:52:48.270","hw","u","50"
"61057","61","57","39","0","pc","10","pc","00:53:14.000","00:53:50.380","hw","u","50"
"63014","63","14","13","0","pc","10","pc","00:36:05.570","00:36:26.160","is","u","55"
"61058","61","58","40","10","pc","1","pc","00:53:56.970","00:54:11.780","hw","u","50"
"61059","61","59","41","10","pc","1","pc","00:54:51.900","00:55:06.930","hw","u","50"
"61060","61","60","42","0","pc","10","pc","00:56:38.010","00:57:15.480","hw","u","50"
"62001","62","1","1","10","pc","1","pc","00:08:32.070","00:10:02.910","hw","u","40"
"62002","62","2","2","0","pc","10","pc","00:09:49.280","00:10:32.850","hw","u","40"
"62003","62","3","3","10","pc","1","pc","00:10:26.110","00:10:43.950","hw","u","40"
"62004","62","4","4","0","pc","10","pc","00:11:08.940","00:12:08.820","hw","u","40"
"62005","62","5","5","10","pc","1","pc","00:11:18.630","00:12:08.820","hw","u","40"
"62006","62","6","6","10","pc","1","pc","00:14:38.640","00:15:01.440","is","u","55"
"62007","62","7","7","0","pc","10","pc","00:17:20.940","00:18:03.810","is","u","55"
"62008","62","8","8","0","pc","10","pc","00:18:22.720","00:19:59.650","is","u","55"
"62009","62","9","9","10","pc","1","pc","00:18:58.270","00:19:37.020","is","u","55"
"62010","62","10","10","10","pc","1","pc","00:20:37.120","00:20:42.740","aw","u","55"
"62011","62","11","10","10","pc","1","pc","00:20:42.750","00:20:53.000","wz2","u","55"
"62012","62","12","11","10","pc","1","pc","00:21:38.580","00:21:54.530","is","u","55"
"62013","62","13","12","10","pc","1","pc","00:24:15.620","00:25:54.230","is","u","55"
"62014","62","14","13","0","pc","10","pc","00:25:11.350","00:25:39.000","is","u","55"
"62015","62","15","14","10","pc","1","pc","00:33:42.910","00:34:40.720","is","u","55"
"62016","62","16","15","0","m","10","pc","00:34:20.180","00:34:40.720","is","u","55"
"62017","62","17","16","0","pc","10","pc","00:34:49.050","00:35:26.570","is","u","55"
"62018","62","18","17","10","pc","1","pc","00:34:49.050","00:35:10.170","is","u","55"
"62019","62","19","18","10","pc","1","pc","00:35:21.200","00:35:47.180","is","u","55"
"62020","62","20","19","0","hv","10","pc","00:35:40.430","00:37:41.310","is","u","55"
"62021","62","21","20","10","pc","1","pc","00:35:58.000","00:36:29.280","is","u","55"
"62022","62","22","21","10","pc","1","pc","00:37:41.310","00:38:43.750","is","u","55"
"62023","62","23","22","10","pc","1","pc","00:40:30.560","00:40:58.210","is","u","55"
"62024","62","24","23","0","pc","10","pc","00:40:43.880","00:41:01.170","is","u","55"
"62025","62","25","24","0","pc","10","pc","00:41:07.340","00:41:19.350","is","u","55"
"62026","62","26","24","0","pc","10","pc","00:41:19.360","00:41:47.550","aw","u","55"
"62027","62","27","24","0","pc","10","pc","00:41:47.560","00:42:02.250","wz2","u","55"
"62028","62","28","25","10","pc","1","pc","00:41:07.340","00:41:19.350","is","u","55"
"62029","62","29","25","10","pc","1","pc","00:41:19.360","00:41:47.550","aw","u","55"
"62030","62","30","25","10","pc","1","pc","00:41:47.560","00:42:12.400","wz2","u","55"
"62031","62","31","26","10","pc","1","pc","00:43:29.530","00:44:01.610","is","u","55"
"62032","62","32","27","0","pc","10","pc","00:45:19.730","00:46:04.490","is","u","55"
"62033","62","33","28","0","pc","10","pc","00:47:17.690","00:47:43.460","is","u","55"
"62034","62","34","29","10","pc","1","pc","00:49:00.050","00:49:42.410","hw","u","45"
"62035","62","35","30","0","pc","10","pc","00:49:28.350","00:49:42.410","hw","u","45"
"62036","62","36","31","0","pc","10","pc","00:49:57.570","00:50:35.800","hw","u","45"
"62037","62","37","32","10","pc","1","pc","00:50:11.140","00:50:35.800","hw","u","45"
"62038","62","38","33","0","pc","10","pc","00:52:18.060","00:52:39.500","hw","u","40"
"62039","62","39","34","10","pc","1","pc","00:53:03.060","00:53:30.890","hw","u","40"
"62040","62","40","34","10","pc","1","pc","00:53:30.900","00:53:36.690","hw","u","50"
"62041","62","41","35","0","pc","10","pc","00:53:30.900","00:56:14.370","hw","u","50"
"62042","62","42","36","10","pc","1","pc","00:53:43.770","00:57:54.490","hw","u","50"
"62043","62","43","37","0","pc","10","pc","00:57:04.580","00:57:28.130","hw","u","50"
"63001","63","1","1","10","pc","1","pc","00:03:37.140","00:04:14.190","hw","u","50"
"63002","63","2","2","0","pc","10","pc","00:07:34.880","00:08:14.700","hw","u","50"
"63003","63","3","3","10","pc","1","pc","00:10:45.310","00:11:02.390","hw","u","40"
"63004","63","4","4","10","pc","1","pc","00:11:08.620","00:12:06.490","hw","u","40"
"63005","63","5","5","10","pc","1","pc","00:13:11.690","00:14:16.530","hw","u","45"
"63006","63","6","5","10","pc","1","pc","00:14:16.540","00:15:05.440","is","u","55"
"63007","63","7","6","0","pc","10","pc","00:15:12.630","00:16:23.330","is","u","55"
"63008","63","8","7","0","pc","10","pc","00:16:51.690","00:17:12.600","is","u","55"
"63009","63","9","8","10","pc","1","pc","00:17:45.670","00:18:10.990","is","u","55"
"63010","63","10","9","0","pc","10","pc","00:22:29.930","00:22:50.440","is","u","55"
"63011","63","11","10","10","pc","1","pc","00:22:38.460","00:22:55.990","is","u","55"
"63012","63","12","11","0","pc","10","pc","00:32:47.350","00:34:36.380","is","u","55"
"63013","63","13","12","0","pc","10","pc","00:35:30.360","00:36:02.970","is","u","55"
"63015","63","15","14","0","pc","10","pc","00:37:28.980","00:37:43.390","is","u","55"
"63016","63","16","15","0","hv","10","pc","00:37:50.810","00:38:25.990","is","u","55"
"63017","63","17","16","10","pc","1","pc","00:38:09.640","00:38:25.990","is","u","55"
"63018","63","18","17","10","pc","1","pc","00:39:48.530","00:40:06.310","is","u","55"
"63019","63","19","18","0","pc","10","pc","00:43:37.470","00:44:33.560","is","u","55"
"63020","63","20","19","10","pc","1","pc","00:49:10.310","00:50:04.950","hw","u","40"
"63021","63","21","19","10","pc","1","pc","00:50:04.960","00:52:38.040","hw","u","50"
"63022","63","22","20","0","pc","10","pc","00:49:41.610","00:50:04.950","hw","u","40"
"63023","63","23","20","0","pc","10","pc","00:50:04.960","00:51:54.680","hw","u","50"
"63024","63","24","21","0","pc","10","pc","00:54:38.060","00:55:12.540","hw","u","50"
"64001","64","1","1","10","pc","1","pc","00:04:16.560","00:04:29.950","hw","u","45"
"64002","64","2","2","10","pc","1","pc","00:06:19.270","00:08:27.310","hw","u","45"
"64003","64","3","3","0","pc","1","pc","00:07:35.430","00:07:45.700","hw","u","45"
"64004","64","4","4","0","pc","10","pc","00:08:45.560","00:08:55.780","hw","u","45"
"64005","64","5","5","10","pc","1","pc","00:08:49.130","00:09:12.530","hw","u","45"
"64006","64","6","6","0","pc","10","pc","00:09:27.960","00:09:40.770","hw","u","45"
"64007","64","7","7","10","pc","1","pc","00:10:08.380","00:10:40.800","hw","u","45"
"64008","64","8","8","0","pc","1","pc","00:10:06.450","00:10:13.740","hw","u","45"
"64009","64","9","9","0","pc","1","pc","00:10:19.430","00:10:41.680","hw","u","45"
"64010","64","10","10","0","pc","10","pc","00:10:45.270","00:10:59.250","hw","u","45"
"64011","64","11","11","10","pc","1","pc","00:10:47.970","00:10:59.250","hw","u","45"
"64012","64","12","12","10","pc","1","pc","00:13:35.970","00:13:47.260","is","u","55"
"64013","64","13","13","10","pc","1","pc","00:13:55.990","00:14:40.460","is","u","55"
"64014","64","14","14","0","pc","10","pc","00:14:24.990","00:15:12.020","is","u","55"
"64015","64","15","15","0","pc","10","pc","00:15:44.850","00:16:12.300","is","u","55"
"64016","64","16","16","10","pc","1","pc","00:15:50.520","00:16:12.300","is","u","55"
"64017","64","17","17","0","pc","10","pc","00:17:39.250","00:17:46.720","is","u","55"
"64018","64","18","18","10","pc","1","pc","00:18:27.120","00:19:00.340","tz","u","55"
"64019","64","19","19","10","pc","1","pc","00:20:38.200","00:21:00.460","is","u","55"
"64020","64","20","20","0","pc","10","pc","00:21:00.460","00:21:57.750","is","u","55"
"64021","64","21","21","10","pc","1","pc","00:21:09.000","00:21:37.410","is","u","55"
"64022","64","22","22","0","pc","10","pc","00:22:31.500","00:23:23.810","is","u","55"
"64023","64","23","23","10","pc","1","pc","00:23:30.310","00:24:36.890","is","u","55"
"64024","64","24","24","0","pc","10","pc","00:23:44.980","00:24:36.890","is","u","55"
"64025","64","25","25","10","pc","1","pc","00:25:21.450","00:26:53.650","is","u","55"
"64026","64","26","26","0","hv","10","pc","00:26:02.690","00:26:29.050","is","u","55"
"64027","64","27","27","10","pc","1","pc","00:32:26.180","00:33:18.190","is","u","55"
"64028","64","28","28","10","pc","1","pc","00:33:54.240","00:34:21.130","is","u","55"
"64029","64","29","29","10","pc","1","pc","00:34:24.940","00:35:48.090","is","u","55"
"64030","64","30","30","10","pc","1","pc","00:37:45.810","00:38:14.130","is","u","55"
"64031","64","31","31","10","pc","1","pc","00:38:46.180","00:39:22.370","wz2","u","55"
"64032","64","32","32","0","pc","10","pc","00:38:46.180","00:41:14.240","wz2","u","55"
"64033","64","33","33","10","pc","1","pc","00:39:36.210","00:40:02.950","wz2","u","55"
"64034","64","34","34","10","pc","1","pc","00:41:04.430","00:41:14.370","is","u","55"
"64035","64","35","35","0","pc","10","pc","00:43:43.720","00:44:00.000","is","u","55"
"64036","64","36","36","10","pc","1","pc","00:44:34.840","00:45:21.250","is","u","55"
"64037","64","37","37","0","pc","10","pc","00:45:03.300","00:45:20.000","is","u","55"
"64038","64","38","38","10","pc","1","pc","00:45:51.720","00:46:05.460","is","u","55"
"64039","64","39","39","10","pc","1","pc","00:46:18.570","00:47:04.040","is","u","55"
"64040","64","40","40","10","pc","1","pc","00:47:06.320","00:47:25.420","is","u","55"
"64041","64","41","41","0","pc","10","pc","00:48:46.910","00:48:58.400","is","u","55"
"64042","64","42","42","0","pc","10","pc","00:48:46.910","00:50:51.560","is","u","55"
"64043","64","43","43","0","pc","10","pc","00:49:01.270","00:49:26.730","is","u","55"
"64044","64","44","44","10","pc","1","pc","00:51:30.750","00:52:58.860","is","u","55"
"65001","65","1","1","10","pc","1","pc","00:03:37.820","00:07:52.780","hw","u","45"
"65002","65","2","2","0","pc","10","pc","00:03:54.080","00:04:36.420","hw","u","45"
"65003","65","3","3","0","pc","10","pc","00:06:54.110","00:08:20.610","hw","u","45"
"65004","65","4","4","10","pc","1","pc","00:07:46.490","00:09:39.000","hw","u","45"
"65005","65","5","5","0","pc","10","pc","00:11:12.620","00:11:32.170","is","u","55"
"65006","65","6","6","0","pc","10","pc","00:08:30.790","00:09:22.470","is","u","55"
"65007","65","7","7","10","pc","1","pc","00:13:51.680","00:14:20.230","is","u","55"
"65008","65","8","8","0","pc","10","pc","00:22:36.910","00:22:53.470","wz1","u","55"
"65009","65","9","9","10","pc","1","pc","00:22:44.680","00:22:53.470","wz1","u","55"
"65010","65","10","10","0","pc","10","pc","00:22:56.770","00:23:23.150","wz1","u","55"
"65011","65","11","11","0","pc","10","pc","00:23:26.320","00:23:36.800","wz1","u","55"
"65012","65","12","12","0","pc","10","pc","00:24:10.550","00:24:53.640","is","u","55"
"65013","65","13","13","0","hv","10","pc","00:25:00.920","00:25:37.240","is","u","55"
"65014","65","14","14","10","pc","1","pc","00:25:16.790","00:25:42.070","is","u","55"
"65015","65","15","15","0","pc","10","pc","00:30:25.230","00:30:38.710","is","u","55"
"65016","65","16","16","10","pc","1","pc","00:32:21.280","00:32:40.100","is","u","55"
"65017","65","17","17","0","hv","10","pc","00:32:40.100","00:33:44.590","is","u","55"
"65018","65","18","18","0","pc","10","pc","00:34:03.220","00:34:14.790","is","c","55"
"65019","65","19","19","10","pc","1","pc","00:34:16.310","00:34:30.650","is","c","55"
"65020","65","20","20","0","hv","10","pc","00:34:33.670","00:34:47.570","is","u","55"
"65021","65","21","21","10","pc","1","pc","00:34:33.670","00:34:47.570","is","u","55"
"65022","65","22","22","10","pc","1","pc","00:34:56.630","00:35:25.940","is","u","55"
"65023","65","23","23","0","hv","10","pc","00:37:22.630","00:38:10.840","is","u","55"
"65024","65","24","24","10","pc","1","pc","00:37:39.440","00:38:10.840","is","c","55"
"65025","65","25","25","10","pc","1","pc","00:38:40.200","00:40:42.060","is","c","55"
"65026","65","26","26","10","pc","1","pc","00:39:15.790","00:39:25.700","is","c","55"
"65027","65","27","27","10","pc","1","pc","00:39:54.530","00:40:26.540","is","c","55"
"65028","65","28","28","0","pc","10","pc","00:41:39.770","00:41:54.900","is","c","55"
"65029","65","29","29","10","pc","1","pc","00:41:59.230","00:42:14.040","is","u","55"
"65030","65","30","30","0","pc","10","pc","00:42:36.860","00:42:46.170","is","c","55"
"65031","65","31","31","10","pc","1","pc","00:42:39.760","00:43:11.640","is","c","55"
"65032","65","32","32","0","pc","10","pc","00:42:58.540","00:43:11.640","is","c","55"
"65033","65","33","33","0","pc","10","pc","00:43:26.810","00:44:09.720","wz2","c","55"
"65034","65","34","34","10","pc","1","pc","00:43:35.530","00:43:51.470","wz2","c","55"
"65035","65","35","35","0","pc","10","pc","00:44:14.910","00:44:39.860","is","u","55"
"65036","65","36","36","0","pc","10","pc","00:49:34.950","00:50:07.510","hw","c","45"
"65037","65","37","37","10","pc","1","pc","00:49:41.520","00:50:33.710","hw","c","45"
"65038","65","38","38","10","pc","1","pc","00:50:53.930","00:51:27.040","hw","u","45"
"65039","65","39","39","0","pc","10","pc","00:51:27.040","00:51:45.140","hw","u","45"
"65040","65","40","40","10","pc","1","pc","00:51:27.040","00:51:51.670","hw","u","45"
"65041","65","41","41","10","pc","1","pc","00:51:54.910","00:53:13.320","hw","u","45"
"66001","66","1","1","10","pc","1","pc","00:04:24.560","00:07:08.030","hw","u","45"
"66002","66","2","2","10","pc","1","pc","00:07:49.520","00:09:38.950","hw","u","45"
"66003","66","3","3","0","pc","10","pc","00:08:17.170","00:08:43.760","hw","u","45"
"66004","66","4","4","0","pc","10","pc","00:09:29.230","00:09:43.610","hw","u","45"
"66005","66","5","5","10","pc","1","pc","00:09:50.420","00:10:11.380","hw","u","45"
"66006","66","6","6","0","hv","10","pc","00:10:11.380","00:10:23.310","hw","u","45"
"66007","66","7","7","10","pc","1","pc","00:10:11.380","00:10:26.590","hw","u","45"
"66008","66","8","8","0","pc","10","pc","00:12:16.410","00:12:26.270","is","u","55"
"66009","66","9","9","10","pc","1","pc","00:12:37.680","00:12:58.270","is","c","55"
"66010","66","10","10","0","pc","10","pc","00:12:37.680","00:13:00.940","is","c","55"
"66011","66","11","11","0","pc","10","pc","00:14:27.170","00:14:37.320","is","c","55"
"66012","66","12","12","0","pc","10","pc","00:17:24.960","00:17:46.640","is","u","55"
"66013","66","13","13","0","pc","10","pc","00:18:04.050","00:18:22.820","wz1","c","55"
"66014","66","14","14","10","pc","1","pc","00:18:38.940","00:20:31.810","wz1","c","55"
"66015","66","15","15","0","pc","10","pc","00:20:50.300","00:22:12.610","is","c","55"
"66016","66","16","16","0","hv","10","pc","00:22:17.860","00:22:48.530","is","c","55"
"66017","66","17","17","0","hv","10","pc","00:23:03.930","00:24:03.730","is","c","55"
"66018","66","18","18","0","pc","10","pc","00:25:09.600","00:26:17.600","is","u","55"
"66019","66","19","19","10","pc","1","pc","00:25:56.060","00:26:19.360","is","u","55"
"66020","66","20","20","0","pc","10","pc","00:31:25.180","00:32:13.450","is","u","55"
"66021","66","21","21","0","pc","10","pc","00:33:12.010","00:33:52.140","wz2","u","55"
"66022","66","22","22","0","pc","10","pc","00:35:37.990","00:35:47.200","is","u","55"
"66023","66","23","23","0","pc","10","pc","00:36:49.370","00:37:55.280","is","u","55"
"66024","66","24","24","10","pc","1","pc","00:38:55.390","00:39:58.660","is","u","55"
"66025","66","25","25","0","pc","10","pc","00:39:31.730","00:39:05.540","is","u","55"
"66026","66","26","26","10","pc","1","pc","00:39:47.440","00:39:58.660","is","u","55"
"66027","66","27","27","0","pc","10","pc","00:40:55.670","00:42:06.480","is","u","55"
"66028","66","28","28","10","pc","1","pc","00:41:13.260","00:41:40.190","is","u","55"
"66029","66","29","29","0","pc","10","pc","00:44:46.580","00:45:31.620","hw","u","45"
"66030","66","30","30","10","pc","1","pc","00:44:50.230","00:45:31.620","hw","u","45"
"66031","66","31","31","0","pc","10","pc","00:47:05.350","00:47:33.820","hw","u","45"
"66032","66","32","32","10","pc","1","pc","00:47:13.460","00:48:51.590","hw","u","45"
"66033","66","33","33","0","pc","10","pc","00:48:21.880","00:48:34.220","hw","u","45"
"66034","66","34","34","0","pc","10","pc","00:49:08.520","00:49:22.690","hw","u","45"
"66035","66","35","35","0","pc","10","pc","00:50:17.810","00:50:39.170","hw","u","45"
"66036","66","36","36","10","pc","1","pc","00:52:44.810","00:53:14.260","hw","u","45"
"66037","66","37","37","0","pc","10","pc","00:52:49.580","00:53:14.260","hw","u","45"
